account_id,customer_id,account_type,product_code,open_date,close_date,status,interest_rate,credit_limit,branch_id,created_at,updated_at
ACCT00000001,CUST000001,LOAN,LOAN_PERSONAL,2022-01-18,,ACTIVE,0.1763,25000,BR0009,2022-01-18 14:59:27,2022-01-18 19:35:31
ACCT00000002,CUST000001,MONEY_MARKET,MM_STANDARD,2021-08-31,2023-12-04,CLOSED,0.0015,,BR0009,2021-08-31 22:21:13,2021-08-31 11:57:52
ACCT00000003,CUST000002,SAVINGS,SAV_HIYIELD,2021-07-15,,ACTIVE,0.0478,,BR0001,2021-07-15 13:16:20,2021-07-15 08:40:23
ACCT00000004,CUST000002,LOAN,LOAN_PERSONAL,2022-04-13,2023-04-05,CLOSED,0.215,5000,BR0001,2022-04-13 15:27:06,2022-04-13 13:00:51
ACCT00000005,CUST000003,CHECKING,CHK_BASIC,2023-08-09,,ACTIVE,0.071,,BR0013,2023-08-09 06:40:29,2023-08-09 13:35:55
ACCT00000006,CUST000004,LOAN,LOAN_AUTO,2022-04-06,,ACTIVE,0.1312,50000,BR0012,2022-04-06 09:07:56,2022-04-06 22:18:08
ACCT00000007,CUST000005,SAVINGS,SAV_BASIC,2023-12-14,,ACTIVE,0.0626,,BR0019,2023-12-14 07:00:28,2023-12-14 08:09:04
ACCT00000008,CUST000006,CHECKING,CHK_BASIC,2022-03-16,,ACTIVE,0.0163,,BR0009,2022-03-16 15:31:13,2022-03-16 07:22:47
ACCT00000009,CUST000006,CD,CD_24MO,2022-09-07,,FROZEN,0.0363,,BR0009,2022-09-07 21:06:48,2022-09-07 19:59:07
ACCT00000010,CUST000007,SAVINGS,SAV_HIYIELD,2020-09-09,,FROZEN,0.0286,,BR0014,2020-09-09 18:25:49,2020-09-09 20:26:18
ACCT00000011,CUST000008,CHECKING,CHK_PREMIUM,2023-10-14,,FROZEN,0.0424,,BR0003,2023-10-14 13:12:18,2023-10-14 14:01:01
ACCT00000012,CUST000009,CHECKING,CHK_PREMIUM,2022-12-23,,FROZEN,0.0549,,BR0018,2022-12-23 17:12:49,2022-12-23 20:39:12
ACCT00000013,CUST000010,LOAN,LOAN_PERSONAL,2021-05-24,,ACTIVE,0.192,2000,BR0007,2021-05-24 06:29:01,2021-05-24 17:44:18
ACCT00000014,CUST000011,CHECKING,CHK_BASIC,2020-12-21,,ACTIVE,0.0075,,BR0016,2020-12-21 16:02:47,2020-12-21 09:02:04
ACCT00000015,CUST000012,SAVINGS,SAV_HIYIELD,2023-09-07,,ACTIVE,0.0017,,BR0010,2023-09-07 22:02:08,2023-09-07 18:22:35
ACCT00000016,CUST000013,CHECKING,CHK_PREMIUM,2023-11-13,,ACTIVE,0.0692,,BR0013,2023-11-13 12:14:20,2023-11-13 15:32:32
ACCT00000017,CUST000014,LOAN,LOAN_PERSONAL,2020-06-22,,ACTIVE,0.0616,25000,BR0007,2020-06-22 18:30:36,2020-06-22 08:52:16
ACCT00000018,CUST000015,LOAN,LOAN_AUTO,2023-10-24,,ACTIVE,0.2106,50000,BR0005,2023-10-24 13:51:09,2023-10-24 06:56:13
ACCT00000019,CUST000016,CHECKING,CHK_BASIC,2023-12-28,,ACTIVE,0.0656,,BR0006,2023-12-28 19:27:23,2023-12-28 10:49:33
ACCT00000020,CUST000016,CHECKING,CHK_PREMIUM,2023-07-19,,ACTIVE,0.0688,,BR0006,2023-07-19 11:46:31,2023-07-19 10:18:00
ACCT00000021,CUST000017,LOAN,LOAN_AUTO,2021-05-21,,ACTIVE,0.1728,1000,BR0020,2021-05-21 15:42:47,2021-05-21 18:50:01
ACCT00000022,CUST000018,SAVINGS,SAV_HIYIELD,2021-07-06,,ACTIVE,0.0231,,BR0009,2021-07-06 10:31:56,2021-07-06 09:25:41
ACCT00000023,CUST000019,CD,CD_12MO,2023-06-22,,ACTIVE,0.0678,,BR0019,2023-06-22 12:24:38,2023-06-22 12:51:00
ACCT00000024,CUST000020,CHECKING,CHK_BASIC,2020-03-06,2020-06-21,CLOSED,0.0426,,BR0008,2020-03-06 13:04:35,2020-03-06 20:33:07
ACCT00000025,CUST000021,CHECKING,CHK_BASIC,2021-12-21,,ACTIVE,0.0275,,BR0004,2021-12-21 14:04:21,2021-12-21 11:39:43
ACCT00000026,CUST000022,CHECKING,CHK_PREMIUM,2021-08-06,,ACTIVE,0.0568,,BR0011,2021-08-06 20:26:27,2021-08-06 08:15:49
ACCT00000027,CUST000023,CD,CD_6MO,2023-07-21,,ACTIVE,0.0788,,BR0005,2023-07-21 19:33:04,2023-07-21 17:54:55
ACCT00000028,CUST000024,CREDIT,CC_REWARDS,2023-03-25,,ACTIVE,0.0618,1000,BR0001,2023-03-25 17:58:45,2023-03-25 13:04:53
ACCT00000029,CUST000025,SAVINGS,SAV_BASIC,2022-02-05,,ACTIVE,0.0017,,BR0020,2022-02-05 19:31:59,2022-02-05 12:38:28
ACCT00000030,CUST000026,MONEY_MARKET,MM_STANDARD,2020-09-19,,ACTIVE,0.0451,,BR0003,2020-09-19 09:47:19,2020-09-19 10:42:27
ACCT00000031,CUST000027,SAVINGS,SAV_BASIC,2022-09-22,,DORMANT,0.033,,BR0002,2022-09-22 21:27:30,2022-09-22 09:32:31
ACCT00000032,CUST000028,SAVINGS,SAV_BASIC,2021-06-10,,ACTIVE,0.0333,,BR0015,2021-06-10 13:27:34,2021-06-10 22:57:42
ACCT00000033,CUST000029,LOAN,LOAN_PERSONAL,2021-01-09,,DORMANT,0.132,10000,BR0013,2021-01-09 11:37:10,2021-01-09 11:27:27
ACCT00000034,CUST000030,SAVINGS,SAV_BASIC,2023-10-25,,FROZEN,0.046,,BR0016,2023-10-25 12:28:41,2023-10-25 18:05:25
ACCT00000035,CUST000031,CHECKING,CHK_BASIC,2020-12-24,,ACTIVE,0.0376,,BR0012,2020-12-24 13:51:20,2020-12-24 09:08:20
ACCT00000036,CUST000031,SAVINGS,SAV_BASIC,2021-01-30,,ACTIVE,0.0353,,BR0012,2021-01-30 21:24:18,2021-01-30 06:35:53
ACCT00000037,CUST000032,CHECKING,CHK_BASIC,2021-10-19,,FROZEN,0.026,,BR0007,2021-10-19 08:58:45,2021-10-19 15:07:49
ACCT00000038,CUST000033,CREDIT,CC_BASIC,2021-04-19,,ACTIVE,0.0462,2000,BR0008,2021-04-19 17:55:25,2021-04-19 17:51:05
ACCT00000039,CUST000034,SAVINGS,SAV_BASIC,2021-02-15,,ACTIVE,0.0675,,BR0001,2021-02-15 15:33:27,2021-02-15 07:03:55
ACCT00000040,CUST000034,CD,CD_24MO,2020-11-19,,ACTIVE,0.0487,,BR0001,2020-11-19 14:17:38,2020-11-19 11:33:28
ACCT00000041,CUST000035,SAVINGS,SAV_BASIC,2022-08-31,,ACTIVE,0.0518,,BR0003,2022-08-31 10:37:12,2022-08-31 06:07:06
ACCT00000042,CUST000036,LOAN,LOAN_PERSONAL,2021-07-12,,ACTIVE,0.1687,10000,BR0005,2021-07-12 07:31:17,2021-07-12 11:36:48
ACCT00000043,CUST000037,CD,CD_6MO,2021-10-04,,ACTIVE,0.0189,,BR0014,2021-10-04 12:26:38,2021-10-04 12:52:07
ACCT00000044,CUST000037,CD,CD_6MO,2021-09-14,2022-04-04,CLOSED,0.0021,,BR0014,2021-09-14 21:40:12,2021-09-14 06:08:51
ACCT00000045,CUST000038,CHECKING,CHK_PREMIUM,2022-11-30,,ACTIVE,0.012,,BR0004,2022-11-30 20:23:15,2022-11-30 21:50:47
ACCT00000046,CUST000039,LOAN,LOAN_PERSONAL,2021-09-25,,FROZEN,0.2014,5000,BR0011,2021-09-25 15:25:42,2021-09-25 17:57:26
ACCT00000047,CUST000040,CD,CD_6MO,2023-11-26,,ACTIVE,0.0579,,BR0010,2023-11-26 21:50:13,2023-11-26 17:41:19
ACCT00000048,CUST000041,CHECKING,CHK_PREMIUM,2023-10-01,,ACTIVE,0.0528,,BR0005,2023-10-01 19:22:59,2023-10-01 22:12:42
ACCT00000049,CUST000042,CREDIT,CC_BASIC,2020-08-11,,ACTIVE,0.0532,5000,BR0003,2020-08-11 19:40:10,2020-08-11 19:53:31
ACCT00000050,CUST000042,CHECKING,CHK_PREMIUM,2020-11-04,,ACTIVE,0.02,,BR0003,2020-11-04 06:55:42,2020-11-04 20:30:23
ACCT00000051,CUST000043,SAVINGS,SAV_HIYIELD,2023-12-15,,ACTIVE,0.0619,,BR0012,2023-12-15 12:42:53,2023-12-15 14:19:15
ACCT00000052,CUST000044,LOAN,LOAN_AUTO,2021-08-03,,FROZEN,0.2133,1000,BR0006,2021-08-03 17:01:48,2021-08-03 15:20:51
ACCT00000053,CUST000045,CHECKING,CHK_PREMIUM,2022-12-11,,ACTIVE,0.0376,,BR0007,2022-12-11 06:03:29,2022-12-11 12:17:11
ACCT00000054,CUST000045,CREDIT,CC_BASIC,2022-12-14,,ACTIVE,0.0561,10000,BR0007,2022-12-14 13:58:47,2022-12-14 21:58:09
ACCT00000055,CUST000045,MONEY_MARKET,MM_STANDARD,2022-07-20,,ACTIVE,0.0201,,BR0007,2022-07-20 06:04:26,2022-07-20 10:21:35
ACCT00000056,CUST000046,SAVINGS,SAV_BASIC,2021-04-16,,FROZEN,0.0554,,BR0017,2021-04-16 06:19:21,2021-04-16 06:42:11
ACCT00000057,CUST000046,MONEY_MARKET,MM_STANDARD,2021-04-08,,ACTIVE,0.0709,,BR0017,2021-04-08 10:58:29,2021-04-08 14:49:43
ACCT00000058,CUST000047,CHECKING,CHK_PREMIUM,2020-10-21,,DORMANT,0.0159,,BR0003,2020-10-21 09:07:09,2020-10-21 13:42:22
ACCT00000059,CUST000048,MONEY_MARKET,MM_STANDARD,2022-04-08,,ACTIVE,0.0293,,BR0014,2022-04-08 20:52:16,2022-04-08 10:35:27
ACCT00000060,CUST000049,CHECKING,CHK_BASIC,2022-09-22,,FROZEN,0.0424,,BR0012,2022-09-22 21:14:33,2022-09-22 12:35:45
ACCT00000061,CUST000050,CD,CD_6MO,2023-09-14,,ACTIVE,0.0215,,BR0011,2023-09-14 19:02:51,2023-09-14 08:37:14
ACCT00000062,CUST000051,CD,CD_12MO,2023-11-01,,ACTIVE,0.0607,,BR0005,2023-11-01 13:44:29,2023-11-01 07:59:48
ACCT00000063,CUST000052,SAVINGS,SAV_BASIC,2020-06-06,,ACTIVE,0.0338,,BR0001,2020-06-06 12:15:28,2020-06-06 14:24:06
ACCT00000064,CUST000053,CHECKING,CHK_PREMIUM,2023-11-27,,ACTIVE,0.0771,,BR0003,2023-11-27 11:48:27,2023-11-27 14:56:06
ACCT00000065,CUST000054,CHECKING,CHK_BASIC,2021-01-09,2022-07-20,CLOSED,0.0414,,BR0005,2021-01-09 20:25:10,2021-01-09 06:37:39
ACCT00000066,CUST000055,CHECKING,CHK_BASIC,2020-09-12,,ACTIVE,0.0026,,BR0002,2020-09-12 13:59:39,2020-09-12 16:04:27
ACCT00000067,CUST000055,CREDIT,CC_REWARDS,2021-04-10,,ACTIVE,0.0036,5000,BR0002,2021-04-10 10:58:52,2021-04-10 10:58:43
ACCT00000068,CUST000056,LOAN,LOAN_PERSONAL,2020-10-29,,FROZEN,0.2295,2000,BR0016,2020-10-29 14:50:14,2020-10-29 22:58:35
ACCT00000069,CUST000057,SAVINGS,SAV_HIYIELD,2023-10-27,,ACTIVE,0.0524,,BR0005,2023-10-27 07:09:23,2023-10-27 13:25:19
ACCT00000070,CUST000058,SAVINGS,SAV_BASIC,2022-07-06,,ACTIVE,0.063,,BR0002,2022-07-06 13:06:15,2022-07-06 14:08:30
ACCT00000071,CUST000059,SAVINGS,SAV_BASIC,2022-03-26,,ACTIVE,0.0097,,BR0005,2022-03-26 16:18:37,2022-03-26 06:47:18
ACCT00000072,CUST000060,CD,CD_24MO,2020-11-26,,ACTIVE,0.0682,,BR0002,2020-11-26 12:41:19,2020-11-26 13:27:56
ACCT00000073,CUST000060,MONEY_MARKET,MM_STANDARD,2021-01-23,,ACTIVE,0.0552,,BR0002,2021-01-23 11:42:37,2021-01-23 21:30:07
ACCT00000074,CUST000061,CHECKING,CHK_BASIC,2020-08-01,,ACTIVE,0.0759,,BR0011,2020-08-01 20:38:08,2020-08-01 18:57:50
ACCT00000075,CUST000062,SAVINGS,SAV_BASIC,2021-11-22,,ACTIVE,0.0412,,BR0008,2021-11-22 19:09:43,2021-11-22 08:47:03
ACCT00000076,CUST000063,MONEY_MARKET,MM_STANDARD,2023-10-03,,ACTIVE,0.0324,,BR0018,2023-10-03 08:50:20,2023-10-03 20:13:43
ACCT00000077,CUST000064,SAVINGS,SAV_BASIC,2021-11-19,,ACTIVE,0.0294,,BR0007,2021-11-19 22:43:28,2021-11-19 21:00:28
ACCT00000078,CUST000065,MONEY_MARKET,MM_STANDARD,2023-09-14,,ACTIVE,0.0692,,BR0013,2023-09-14 07:16:17,2023-09-14 16:03:00
ACCT00000079,CUST000066,CHECKING,CHK_PREMIUM,2020-01-06,,ACTIVE,0.0596,,BR0008,2020-01-06 22:15:35,2020-01-06 21:35:39
ACCT00000080,CUST000067,CHECKING,CHK_BASIC,2021-12-10,,ACTIVE,0.048,,BR0001,2021-12-10 22:25:28,2021-12-10 18:03:15
ACCT00000081,CUST000068,CD,CD_24MO,2022-06-09,,ACTIVE,0.0633,,BR0018,2022-06-09 14:26:43,2022-06-09 20:43:22
ACCT00000082,CUST000069,LOAN,LOAN_PERSONAL,2023-12-29,,ACTIVE,0.0489,2000,BR0004,2023-12-29 10:28:11,2023-12-29 08:03:55
ACCT00000083,CUST000070,CREDIT,CC_REWARDS,2022-05-27,,ACTIVE,0.0306,1000,BR0013,2022-05-27 15:10:09,2022-05-27 06:06:15
ACCT00000084,CUST000071,SAVINGS,SAV_BASIC,2023-12-27,,ACTIVE,0.0551,,BR0010,2023-12-27 08:56:48,2023-12-27 18:33:07
ACCT00000085,CUST000072,LOAN,LOAN_AUTO,2023-12-04,,ACTIVE,0.2082,2000,BR0005,2023-12-04 08:41:44,2023-12-04 21:15:47
ACCT00000086,CUST000073,CREDIT,CC_REWARDS,2023-02-02,,ACTIVE,0.0348,2000,BR0016,2023-02-02 07:02:01,2023-02-02 17:08:05
ACCT00000087,CUST000074,CHECKING,CHK_BASIC,2022-05-30,,DORMANT,0.0774,,BR0009,2022-05-30 06:29:07,2022-05-30 19:15:17
ACCT00000088,CUST000075,CHECKING,CHK_PREMIUM,2023-03-22,,ACTIVE,0.0092,,BR0007,2023-03-22 12:29:00,2023-03-22 22:23:05
ACCT00000089,CUST000076,CREDIT,CC_BASIC,2020-04-24,,ACTIVE,0.0502,50000,BR0013,2020-04-24 15:23:16,2020-04-24 17:26:38
ACCT00000090,CUST000077,SAVINGS,SAV_BASIC,2021-05-24,,ACTIVE,0.0368,,BR0001,2021-05-24 21:05:15,2021-05-24 20:28:46
ACCT00000091,CUST000078,CD,CD_24MO,2021-05-28,,FROZEN,0.0405,,BR0016,2021-05-28 10:54:27,2021-05-28 13:37:22
ACCT00000092,CUST000079,SAVINGS,SAV_BASIC,2022-01-02,,ACTIVE,0.0753,,BR0005,2022-01-02 17:23:31,2022-01-02 12:29:06
ACCT00000093,CUST000080,CHECKING,CHK_PREMIUM,2021-01-08,,ACTIVE,0.06,,BR0004,2021-01-08 07:10:46,2021-01-08 10:13:43
ACCT00000094,CUST000081,CHECKING,CHK_PREMIUM,2022-07-30,,ACTIVE,0.0245,,BR0010,2022-07-30 18:56:24,2022-07-30 11:31:27
ACCT00000095,CUST000082,CHECKING,CHK_BASIC,2020-05-31,2021-02-11,CLOSED,0.0646,,BR0001,2020-05-31 19:49:06,2020-05-31 15:11:40
ACCT00000096,CUST000083,CHECKING,CHK_PREMIUM,2020-12-25,,ACTIVE,0.0792,,BR0013,2020-12-25 19:13:56,2020-12-25 19:16:30
ACCT00000097,CUST000084,CHECKING,CHK_PREMIUM,2022-06-14,,ACTIVE,0.0479,,BR0011,2022-06-14 21:59:01,2022-06-14 12:24:35
ACCT00000098,CUST000085,CHECKING,CHK_PREMIUM,2021-10-22,,ACTIVE,0.055,,BR0011,2021-10-22 13:25:46,2021-10-22 13:44:53
ACCT00000099,CUST000086,CHECKING,CHK_BASIC,2021-12-07,,ACTIVE,0.0626,,BR0011,2021-12-07 09:42:41,2021-12-07 11:30:59
ACCT00000100,CUST000087,CHECKING,CHK_BASIC,2021-09-10,2022-07-07,CLOSED,0.0308,,BR0010,2021-09-10 10:37:06,2021-09-10 08:34:28
ACCT00000101,CUST000087,CHECKING,CHK_PREMIUM,2021-06-24,,ACTIVE,0.0108,,BR0010,2021-06-24 12:01:05,2021-06-24 09:28:44
ACCT00000102,CUST000088,MONEY_MARKET,MM_STANDARD,2020-07-31,,ACTIVE,0.0545,,BR0003,2020-07-31 22:39:46,2020-07-31 22:41:16
ACCT00000103,CUST000089,CHECKING,CHK_BASIC,2021-09-11,,ACTIVE,0.0259,,BR0018,2021-09-11 10:06:31,2021-09-11 09:07:17
ACCT00000104,CUST000090,SAVINGS,SAV_HIYIELD,2021-08-03,,ACTIVE,0.0418,,BR0011,2021-08-03 09:35:39,2021-08-03 09:57:00
ACCT00000105,CUST000091,CD,CD_12MO,2023-12-06,,FROZEN,0.0331,,BR0012,2023-12-06 13:06:26,2023-12-06 12:53:06
ACCT00000106,CUST000092,CHECKING,CHK_PREMIUM,2022-05-07,,ACTIVE,0.0364,,BR0010,2022-05-07 11:47:55,2022-05-07 19:06:26
ACCT00000107,CUST000093,CHECKING,CHK_BASIC,2021-05-08,,ACTIVE,0.008,,BR0009,2021-05-08 12:33:54,2021-05-08 07:25:33
ACCT00000108,CUST000094,CHECKING,CHK_BASIC,2023-09-20,2023-11-15,CLOSED,0.0405,,BR0014,2023-09-20 19:31:22,2023-09-20 12:50:43
ACCT00000109,CUST000095,CHECKING,CHK_BASIC,2023-10-01,,ACTIVE,0.0071,,BR0017,2023-10-01 22:21:17,2023-10-01 07:48:54
ACCT00000110,CUST000096,CHECKING,CHK_BASIC,2023-02-15,,ACTIVE,0.0386,,BR0006,2023-02-15 11:38:22,2023-02-15 15:23:33
ACCT00000111,CUST000097,SAVINGS,SAV_BASIC,2023-12-14,,ACTIVE,0.0131,,BR0016,2023-12-14 14:46:13,2023-12-14 10:09:58
ACCT00000112,CUST000098,SAVINGS,SAV_BASIC,2022-06-24,,ACTIVE,0.0669,,BR0003,2022-06-24 11:20:35,2022-06-24 08:40:47
ACCT00000113,CUST000099,CHECKING,CHK_BASIC,2023-11-20,,ACTIVE,0.0725,,BR0013,2023-11-20 09:52:45,2023-11-20 11:45:12
ACCT00000114,CUST000099,SAVINGS,SAV_HIYIELD,2023-11-14,2023-12-31,CLOSED,0.0194,,BR0013,2023-11-14 14:22:16,2023-11-14 09:52:13
ACCT00000115,CUST000100,LOAN,LOAN_PERSONAL,2023-12-19,,ACTIVE,0.1028,2000,BR0008,2023-12-19 07:38:15,2023-12-19 06:57:49
ACCT00000116,CUST000101,SAVINGS,SAV_BASIC,2021-11-05,,DORMANT,0.0524,,BR0010,2021-11-05 19:44:42,2021-11-05 15:23:56
ACCT00000117,CUST000102,MONEY_MARKET,MM_STANDARD,2023-08-27,,ACTIVE,0.0733,,BR0019,2023-08-27 07:35:47,2023-08-27 11:44:06
ACCT00000118,CUST000103,CHECKING,CHK_BASIC,2022-04-21,,DORMANT,0.0341,,BR0019,2022-04-21 22:04:04,2022-04-21 12:13:39
ACCT00000119,CUST000104,SAVINGS,SAV_BASIC,2023-04-17,,ACTIVE,0.0388,,BR0018,2023-04-17 10:07:30,2023-04-17 13:45:18
ACCT00000120,CUST000105,CHECKING,CHK_BASIC,2020-07-05,,ACTIVE,0.0591,,BR0009,2020-07-05 14:06:44,2020-07-05 22:56:50
ACCT00000121,CUST000105,LOAN,LOAN_AUTO,2020-05-27,,ACTIVE,0.1747,2000,BR0009,2020-05-27 11:46:15,2020-05-27 19:20:19
ACCT00000122,CUST000106,CHECKING,CHK_PREMIUM,2020-09-20,,ACTIVE,0.0239,,BR0017,2020-09-20 11:18:48,2020-09-20 14:09:42
ACCT00000123,CUST000107,LOAN,LOAN_AUTO,2023-08-13,,DORMANT,0.0415,25000,BR0001,2023-08-13 15:28:26,2023-08-13 17:44:57
ACCT00000124,CUST000108,CHECKING,CHK_PREMIUM,2022-03-30,,ACTIVE,0.0529,,BR0008,2022-03-30 16:26:17,2022-03-30 06:39:51
ACCT00000125,CUST000109,SAVINGS,SAV_BASIC,2020-08-10,,ACTIVE,0.0719,,BR0007,2020-08-10 20:02:20,2020-08-10 15:53:40
ACCT00000126,CUST000110,CHECKING,CHK_BASIC,2021-02-07,,ACTIVE,0.0412,,BR0005,2021-02-07 11:24:55,2021-02-07 08:42:57
ACCT00000127,CUST000111,CD,CD_24MO,2022-09-03,,ACTIVE,0.0221,,BR0017,2022-09-03 11:02:40,2022-09-03 11:15:30
ACCT00000128,CUST000112,SAVINGS,SAV_HIYIELD,2022-09-05,,ACTIVE,0.0484,,BR0016,2022-09-05 11:36:22,2022-09-05 13:14:34
ACCT00000129,CUST000113,CHECKING,CHK_BASIC,2020-07-14,,ACTIVE,0.0491,,BR0007,2020-07-14 06:53:39,2020-07-14 13:50:50
ACCT00000130,CUST000114,CHECKING,CHK_BASIC,2023-03-26,,ACTIVE,0.0242,,BR0003,2023-03-26 18:27:43,2023-03-26 11:32:47
ACCT00000131,CUST000114,CHECKING,CHK_PREMIUM,2023-06-08,,ACTIVE,0.0543,,BR0003,2023-06-08 13:15:16,2023-06-08 12:30:23
ACCT00000132,CUST000115,SAVINGS,SAV_HIYIELD,2023-09-21,,ACTIVE,0.0588,,BR0010,2023-09-21 22:27:49,2023-09-21 17:51:18
ACCT00000133,CUST000115,CHECKING,CHK_BASIC,2023-08-02,,ACTIVE,0.0313,,BR0010,2023-08-02 10:35:21,2023-08-02 16:01:28
ACCT00000134,CUST000116,CHECKING,CHK_PREMIUM,2021-08-19,,ACTIVE,0.0139,,BR0020,2021-08-19 22:51:39,2021-08-19 17:38:17
ACCT00000135,CUST000116,SAVINGS,SAV_HIYIELD,2022-03-26,,ACTIVE,0.0647,,BR0020,2022-03-26 19:18:20,2022-03-26 12:20:38
ACCT00000136,CUST000117,SAVINGS,SAV_BASIC,2021-11-10,2023-03-23,CLOSED,0.0644,,BR0003,2021-11-10 22:12:00,2021-11-10 07:48:37
ACCT00000137,CUST000117,MONEY_MARKET,MM_STANDARD,2021-11-16,,ACTIVE,0.0178,,BR0003,2021-11-16 14:18:47,2021-11-16 18:42:24
ACCT00000138,CUST000118,SAVINGS,SAV_HIYIELD,2022-06-04,,ACTIVE,0.0371,,BR0014,2022-06-04 19:44:06,2022-06-04 20:44:54
ACCT00000139,CUST000118,CD,CD_24MO,2021-11-05,,ACTIVE,0.0051,,BR0014,2021-11-05 14:39:28,2021-11-05 08:05:01
ACCT00000140,CUST000119,SAVINGS,SAV_HIYIELD,2023-06-07,,FROZEN,0.0091,,BR0016,2023-06-07 18:30:53,2023-06-07 17:26:27
ACCT00000141,CUST000120,LOAN,LOAN_PERSONAL,2021-01-11,2023-01-04,CLOSED,0.1486,25000,BR0019,2021-01-11 19:01:43,2021-01-11 09:24:31
ACCT00000142,CUST000121,LOAN,LOAN_PERSONAL,2023-06-24,,FROZEN,0.2339,5000,BR0019,2023-06-24 19:36:33,2023-06-24 16:01:56
ACCT00000143,CUST000122,CHECKING,CHK_PREMIUM,2021-12-19,,ACTIVE,0.0627,,BR0015,2021-12-19 19:54:45,2021-12-19 13:31:21
ACCT00000144,CUST000123,LOAN,LOAN_AUTO,2020-06-28,,ACTIVE,0.0544,50000,BR0009,2020-06-28 11:57:21,2020-06-28 20:07:19
ACCT00000145,CUST000124,CHECKING,CHK_BASIC,2020-07-19,,FROZEN,0.0436,,BR0017,2020-07-19 21:27:47,2020-07-19 11:48:24
ACCT00000146,CUST000125,CHECKING,CHK_BASIC,2023-05-28,,DORMANT,0.0419,,BR0020,2023-05-28 15:36:15,2023-05-28 19:55:35
ACCT00000147,CUST000126,CHECKING,CHK_PREMIUM,2021-01-26,,ACTIVE,0.0184,,BR0002,2021-01-26 08:01:49,2021-01-26 08:54:48
ACCT00000148,CUST000127,SAVINGS,SAV_BASIC,2021-04-27,,ACTIVE,0.0011,,BR0001,2021-04-27 15:41:58,2021-04-27 22:55:23
ACCT00000149,CUST000127,CHECKING,CHK_PREMIUM,2021-06-21,,ACTIVE,0.061,,BR0001,2021-06-21 07:57:13,2021-06-21 18:20:26
ACCT00000150,CUST000128,CHECKING,CHK_PREMIUM,2023-11-17,,DORMANT,0.018,,BR0008,2023-11-17 15:43:18,2023-11-17 12:40:38
ACCT00000151,CUST000128,CHECKING,CHK_PREMIUM,2023-12-09,,ACTIVE,0.06,,BR0008,2023-12-09 13:14:06,2023-12-09 08:43:09
ACCT00000152,CUST000129,CD,CD_24MO,2021-02-22,2023-03-25,CLOSED,0.0723,,BR0019,2021-02-22 20:56:14,2021-02-22 09:56:28
ACCT00000153,CUST000130,CHECKING,CHK_PREMIUM,2021-07-17,,ACTIVE,0.071,,BR0006,2021-07-17 11:43:26,2021-07-17 10:24:15
ACCT00000154,CUST000130,SAVINGS,SAV_BASIC,2021-10-09,,FROZEN,0.0412,,BR0006,2021-10-09 21:52:31,2021-10-09 14:50:31
ACCT00000155,CUST000131,MONEY_MARKET,MM_STANDARD,2020-12-26,,ACTIVE,0.0753,,BR0014,2020-12-26 22:45:21,2020-12-26 10:37:22
ACCT00000156,CUST000131,CHECKING,CHK_BASIC,2021-03-25,,ACTIVE,0.077,,BR0014,2021-03-25 13:30:24,2021-03-25 20:26:35
ACCT00000157,CUST000132,SAVINGS,SAV_BASIC,2021-03-26,2023-10-05,CLOSED,0.0028,,BR0002,2021-03-26 21:26:29,2021-03-26 17:05:19
ACCT00000158,CUST000133,CHECKING,CHK_BASIC,2020-11-19,2023-08-10,CLOSED,0.0525,,BR0001,2020-11-19 12:03:39,2020-11-19 07:50:02
ACCT00000159,CUST000134,CD,CD_24MO,2022-11-03,,ACTIVE,0.0036,,BR0015,2022-11-03 19:23:25,2022-11-03 17:46:32
ACCT00000160,CUST000135,LOAN,LOAN_AUTO,2023-10-06,,ACTIVE,0.1709,10000,BR0019,2023-10-06 17:15:21,2023-10-06 11:58:12
ACCT00000161,CUST000135,CD,CD_6MO,2023-09-19,,ACTIVE,0.0509,,BR0019,2023-09-19 06:55:02,2023-09-19 14:29:01
ACCT00000162,CUST000136,MONEY_MARKET,MM_STANDARD,2022-11-22,2023-04-26,CLOSED,0.0472,,BR0009,2022-11-22 17:52:26,2022-11-22 08:05:38
ACCT00000163,CUST000136,LOAN,LOAN_AUTO,2023-08-15,,ACTIVE,0.2067,1000,BR0009,2023-08-15 08:35:06,2023-08-15 16:32:13
ACCT00000164,CUST000137,CHECKING,CHK_PREMIUM,2023-08-19,,ACTIVE,0.0382,,BR0014,2023-08-19 19:59:05,2023-08-19 22:41:48
ACCT00000165,CUST000138,CD,CD_6MO,2021-04-24,,FROZEN,0.0232,,BR0011,2021-04-24 20:46:37,2021-04-24 19:25:42
ACCT00000166,CUST000139,SAVINGS,SAV_BASIC,2023-12-02,,FROZEN,0.0595,,BR0006,2023-12-02 10:23:25,2023-12-02 16:38:37
ACCT00000167,CUST000140,SAVINGS,SAV_BASIC,2023-08-11,,ACTIVE,0.0228,,BR0003,2023-08-11 11:44:14,2023-08-11 13:00:46
ACCT00000168,CUST000141,SAVINGS,SAV_HIYIELD,2023-12-12,,ACTIVE,0.023,,BR0013,2023-12-12 21:43:15,2023-12-12 19:11:58
ACCT00000169,CUST000142,CHECKING,CHK_BASIC,2021-11-20,,ACTIVE,0.0181,,BR0013,2021-11-20 08:34:24,2021-11-20 18:02:19
ACCT00000170,CUST000142,SAVINGS,SAV_BASIC,2022-03-23,,ACTIVE,0.0446,,BR0013,2022-03-23 08:16:29,2022-03-23 22:21:10
ACCT00000171,CUST000143,CHECKING,CHK_PREMIUM,2022-07-31,2023-02-13,CLOSED,0.0233,,BR0001,2022-07-31 06:59:57,2022-07-31 11:58:46
ACCT00000172,CUST000144,CHECKING,CHK_PREMIUM,2023-07-29,,ACTIVE,0.0794,,BR0019,2023-07-29 19:26:19,2023-07-29 21:30:19
ACCT00000173,CUST000144,CHECKING,CHK_PREMIUM,2023-02-25,2023-07-09,CLOSED,0.007,,BR0019,2023-02-25 12:00:09,2023-02-25 17:32:23
ACCT00000174,CUST000145,SAVINGS,SAV_HIYIELD,2020-09-09,,ACTIVE,0.0176,,BR0013,2020-09-09 22:49:34,2020-09-09 17:40:10
ACCT00000175,CUST000145,LOAN,LOAN_AUTO,2020-05-30,,ACTIVE,0.1087,25000,BR0013,2020-05-30 07:51:36,2020-05-30 22:19:45
ACCT00000176,CUST000146,CD,CD_12MO,2021-08-12,,ACTIVE,0.0271,,BR0008,2021-08-12 22:53:56,2021-08-12 09:24:29
ACCT00000177,CUST000146,SAVINGS,SAV_BASIC,2022-05-18,,ACTIVE,0.0755,,BR0008,2022-05-18 09:37:14,2022-05-18 15:34:48
ACCT00000178,CUST000147,LOAN,LOAN_PERSONAL,2020-02-11,,ACTIVE,0.2038,10000,BR0001,2020-02-11 12:16:08,2020-02-11 11:19:58
ACCT00000179,CUST000148,CHECKING,CHK_PREMIUM,2020-02-27,,ACTIVE,0.0598,,BR0013,2020-02-27 13:48:54,2020-02-27 07:53:37
ACCT00000180,CUST000149,CHECKING,CHK_BASIC,2023-08-14,,ACTIVE,0.0243,,BR0004,2023-08-14 08:18:46,2023-08-14 18:05:12
ACCT00000181,CUST000150,CHECKING,CHK_PREMIUM,2022-04-10,,ACTIVE,0.0296,,BR0007,2022-04-10 07:04:20,2022-04-10 13:02:12
ACCT00000182,CUST000151,CHECKING,CHK_BASIC,2022-10-23,,ACTIVE,0.0716,,BR0018,2022-10-23 19:23:39,2022-10-23 15:42:49
ACCT00000183,CUST000151,SAVINGS,SAV_HIYIELD,2022-08-17,,FROZEN,0.0198,,BR0018,2022-08-17 15:20:56,2022-08-17 15:07:50
ACCT00000184,CUST000152,MONEY_MARKET,MM_STANDARD,2020-05-22,,ACTIVE,0.0331,,BR0004,2020-05-22 14:21:09,2020-05-22 07:26:19
ACCT00000185,CUST000153,LOAN,LOAN_AUTO,2023-01-29,2023-04-22,CLOSED,0.2364,10000,BR0009,2023-01-29 08:01:03,2023-01-29 22:40:08
ACCT00000186,CUST000154,CHECKING,CHK_BASIC,2023-09-29,,FROZEN,0.033,,BR0009,2023-09-29 10:26:52,2023-09-29 22:59:08
ACCT00000187,CUST000155,SAVINGS,SAV_BASIC,2022-02-02,,ACTIVE,0.0524,,BR0002,2022-02-02 18:53:39,2022-02-02 18:09:01
ACCT00000188,CUST000156,SAVINGS,SAV_BASIC,2020-10-14,,ACTIVE,0.0599,,BR0017,2020-10-14 06:22:36,2020-10-14 13:08:42
ACCT00000189,CUST000157,CD,CD_6MO,2021-04-14,,DORMANT,0.0446,,BR0011,2021-04-14 20:03:45,2021-04-14 12:10:09
ACCT00000190,CUST000158,CHECKING,CHK_PREMIUM,2021-10-24,,ACTIVE,0.0731,,BR0003,2021-10-24 14:35:21,2021-10-24 21:47:08
ACCT00000191,CUST000159,SAVINGS,SAV_BASIC,2020-10-09,,ACTIVE,0.0243,,BR0012,2020-10-09 11:57:45,2020-10-09 07:21:43
ACCT00000192,CUST000160,SAVINGS,SAV_BASIC,2021-03-29,2023-12-06,CLOSED,0.0732,,BR0001,2021-03-29 22:25:01,2021-03-29 18:02:18
ACCT00000193,CUST000161,CHECKING,CHK_PREMIUM,2020-11-08,2022-12-12,CLOSED,0.071,,BR0019,2020-11-08 14:28:51,2020-11-08 18:44:38
ACCT00000194,CUST000162,SAVINGS,SAV_HIYIELD,2023-01-17,,ACTIVE,0.0698,,BR0011,2023-01-17 22:46:37,2023-01-17 22:21:27
ACCT00000195,CUST000163,CHECKING,CHK_PREMIUM,2021-10-06,2022-12-08,CLOSED,0.0505,,BR0013,2021-10-06 17:27:51,2021-10-06 10:14:32
ACCT00000196,CUST000164,MONEY_MARKET,MM_STANDARD,2022-09-28,,ACTIVE,0.0585,,BR0008,2022-09-28 18:22:27,2022-09-28 13:04:13
ACCT00000197,CUST000164,SAVINGS,SAV_BASIC,2022-12-23,,ACTIVE,0.0709,,BR0008,2022-12-23 10:53:37,2022-12-23 06:56:05
ACCT00000198,CUST000165,CHECKING,CHK_PREMIUM,2021-09-23,,ACTIVE,0.0666,,BR0006,2021-09-23 14:42:48,2021-09-23 20:57:56
ACCT00000199,CUST000165,CHECKING,CHK_BASIC,2021-10-04,,ACTIVE,0.0174,,BR0006,2021-10-04 09:48:46,2021-10-04 14:54:33
ACCT00000200,CUST000166,MONEY_MARKET,MM_STANDARD,2022-08-17,,ACTIVE,0.0761,,BR0003,2022-08-17 15:19:04,2022-08-17 09:16:29
ACCT00000201,CUST000167,SAVINGS,SAV_BASIC,2023-08-30,,ACTIVE,0.0475,,BR0007,2023-08-30 08:47:26,2023-08-30 21:13:40
ACCT00000202,CUST000168,CHECKING,CHK_BASIC,2022-06-29,,ACTIVE,0.0529,,BR0011,2022-06-29 18:31:00,2022-06-29 14:55:32
ACCT00000203,CUST000169,CD,CD_12MO,2022-11-11,,ACTIVE,0.031,,BR0009,2022-11-11 10:37:57,2022-11-11 11:23:49
ACCT00000204,CUST000170,CD,CD_6MO,2021-01-10,,ACTIVE,0.0425,,BR0004,2021-01-10 11:45:34,2021-01-10 06:48:48
ACCT00000205,CUST000171,CHECKING,CHK_PREMIUM,2023-08-12,,ACTIVE,0.0347,,BR0008,2023-08-12 15:43:53,2023-08-12 19:31:58
ACCT00000206,CUST000172,SAVINGS,SAV_HIYIELD,2021-11-25,,ACTIVE,0.023,,BR0018,2021-11-25 13:30:17,2021-11-25 14:36:20
ACCT00000207,CUST000173,CHECKING,CHK_BASIC,2022-01-22,,ACTIVE,0.0074,,BR0007,2022-01-22 21:20:57,2022-01-22 17:43:50
ACCT00000208,CUST000174,LOAN,LOAN_AUTO,2021-02-15,,ACTIVE,0.0949,50000,BR0001,2021-02-15 20:17:05,2021-02-15 08:45:40
ACCT00000209,CUST000175,CD,CD_6MO,2022-05-19,,ACTIVE,0.0673,,BR0020,2022-05-19 09:50:39,2022-05-19 21:27:16
ACCT00000210,CUST000176,SAVINGS,SAV_HIYIELD,2020-06-30,,ACTIVE,0.0632,,BR0004,2020-06-30 08:49:22,2020-06-30 19:19:56
ACCT00000211,CUST000176,CHECKING,CHK_PREMIUM,2021-01-15,,ACTIVE,0.0198,,BR0004,2021-01-15 06:58:51,2021-01-15 07:36:13
ACCT00000212,CUST000177,CHECKING,CHK_BASIC,2022-05-31,,ACTIVE,0.0671,,BR0017,2022-05-31 08:48:47,2022-05-31 16:36:30
ACCT00000213,CUST000178,CD,CD_6MO,2023-11-01,,ACTIVE,0.011,,BR0008,2023-11-01 14:48:34,2023-11-01 12:19:49
ACCT00000214,CUST000178,CD,CD_12MO,2023-10-12,,ACTIVE,0.0447,,BR0008,2023-10-12 22:49:16,2023-10-12 19:41:44
ACCT00000215,CUST000179,CD,CD_6MO,2023-11-04,,ACTIVE,0.0637,,BR0005,2023-11-04 12:58:19,2023-11-04 06:04:53
ACCT00000216,CUST000180,SAVINGS,SAV_HIYIELD,2020-12-08,,ACTIVE,0.0638,,BR0020,2020-12-08 22:25:25,2020-12-08 21:06:59
ACCT00000217,CUST000181,SAVINGS,SAV_BASIC,2021-06-07,,ACTIVE,0.0715,,BR0008,2021-06-07 07:39:56,2021-06-07 19:31:54
ACCT00000218,CUST000182,CHECKING,CHK_PREMIUM,2020-08-09,,ACTIVE,0.0117,,BR0012,2020-08-09 16:47:13,2020-08-09 18:59:44
ACCT00000219,CUST000183,MONEY_MARKET,MM_STANDARD,2023-10-11,,FROZEN,0.0571,,BR0006,2023-10-11 17:26:28,2023-10-11 10:51:32
ACCT00000220,CUST000184,SAVINGS,SAV_HIYIELD,2023-02-25,,ACTIVE,0.0776,,BR0015,2023-02-25 12:35:15,2023-02-25 06:43:31
ACCT00000221,CUST000185,MONEY_MARKET,MM_STANDARD,2023-12-07,,CLOSED,0.0315,,BR0010,2023-12-07 19:16:13,2023-12-07 17:25:30
ACCT00000222,CUST000186,CD,CD_12MO,2021-12-09,,DORMANT,0.0012,,BR0006,2021-12-09 06:53:30,2021-12-09 16:05:42
ACCT00000223,CUST000187,MONEY_MARKET,MM_STANDARD,2023-05-20,,ACTIVE,0.0392,,BR0001,2023-05-20 17:04:09,2023-05-20 14:19:06
ACCT00000224,CUST000188,CHECKING,CHK_BASIC,2020-12-07,,ACTIVE,0.0541,,BR0016,2020-12-07 19:58:17,2020-12-07 11:33:48
ACCT00000225,CUST000189,CREDIT,CC_REWARDS,2022-04-11,,ACTIVE,0.0225,10000,BR0003,2022-04-11 19:22:24,2022-04-11 16:37:57
ACCT00000226,CUST000190,CHECKING,CHK_PREMIUM,2023-06-22,2023-10-13,CLOSED,0.0583,,BR0004,2023-06-22 14:41:50,2023-06-22 12:40:53
ACCT00000227,CUST000191,SAVINGS,SAV_BASIC,2021-07-09,,ACTIVE,0.0276,,BR0008,2021-07-09 19:51:36,2021-07-09 11:09:46
ACCT00000228,CUST000192,CHECKING,CHK_BASIC,2022-11-06,,ACTIVE,0.0395,,BR0006,2022-11-06 13:19:55,2022-11-06 09:22:13
ACCT00000229,CUST000192,SAVINGS,SAV_BASIC,2022-11-11,,ACTIVE,0.0535,,BR0006,2022-11-11 09:07:21,2022-11-11 14:29:29
ACCT00000230,CUST000192,CHECKING,CHK_BASIC,2022-06-08,,ACTIVE,0.0534,,BR0006,2022-06-08 14:44:34,2022-06-08 21:08:11
ACCT00000231,CUST000193,SAVINGS,SAV_BASIC,2022-11-30,,ACTIVE,0.0281,,BR0005,2022-11-30 21:19:06,2022-11-30 18:34:21
ACCT00000232,CUST000194,CD,CD_24MO,2021-08-31,,ACTIVE,0.0258,,BR0018,2021-08-31 13:55:09,2021-08-31 17:23:22
ACCT00000233,CUST000194,MONEY_MARKET,MM_STANDARD,2021-03-02,,FROZEN,0.0394,,BR0018,2021-03-02 15:53:31,2021-03-02 17:59:32
ACCT00000234,CUST000195,CHECKING,CHK_PREMIUM,2022-01-01,,ACTIVE,0.0506,,BR0003,2022-01-01 09:49:12,2022-01-01 19:10:15
ACCT00000235,CUST000195,CHECKING,CHK_PREMIUM,2022-09-14,,ACTIVE,0.0361,,BR0003,2022-09-14 15:01:29,2022-09-14 09:16:25
ACCT00000236,CUST000196,MONEY_MARKET,MM_STANDARD,2022-10-10,,ACTIVE,0.0586,,BR0013,2022-10-10 21:42:37,2022-10-10 21:46:51
ACCT00000237,CUST000197,CHECKING,CHK_PREMIUM,2020-06-06,,FROZEN,0.0462,,BR0007,2020-06-06 07:33:45,2020-06-06 12:31:18
ACCT00000238,CUST000198,SAVINGS,SAV_BASIC,2023-04-02,,ACTIVE,0.0375,,BR0017,2023-04-02 12:38:52,2023-04-02 18:06:01
ACCT00000239,CUST000199,CD,CD_6MO,2023-10-11,,ACTIVE,0.0356,,BR0019,2023-10-11 07:24:29,2023-10-11 14:36:02
ACCT00000240,CUST000199,SAVINGS,SAV_BASIC,2023-12-16,,ACTIVE,0.0756,,BR0019,2023-12-16 16:20:43,2023-12-16 09:25:57
ACCT00000241,CUST000200,LOAN,LOAN_PERSONAL,2021-09-03,,ACTIVE,0.1729,25000,BR0016,2021-09-03 19:28:25,2021-09-03 13:22:12
ACCT00000242,CUST000201,CHECKING,CHK_PREMIUM,2022-12-03,,ACTIVE,0.0046,,BR0015,2022-12-03 07:29:08,2022-12-03 10:34:34
ACCT00000243,CUST000202,CHECKING,CHK_BASIC,2023-03-08,,ACTIVE,0.0643,,BR0019,2023-03-08 09:48:12,2023-03-08 06:04:17
ACCT00000244,CUST000203,CHECKING,CHK_BASIC,2022-11-27,,ACTIVE,0.0351,,BR0002,2022-11-27 13:20:30,2022-11-27 19:28:49
ACCT00000245,CUST000204,CHECKING,CHK_BASIC,2021-05-24,,ACTIVE,0.0566,,BR0016,2021-05-24 06:42:03,2021-05-24 20:43:46
ACCT00000246,CUST000204,CHECKING,CHK_PREMIUM,2020-12-06,,ACTIVE,0.0453,,BR0016,2020-12-06 10:24:52,2020-12-06 06:32:11
ACCT00000247,CUST000205,CD,CD_12MO,2023-10-02,,FROZEN,0.065,,BR0019,2023-10-02 14:45:49,2023-10-02 08:09:56
ACCT00000248,CUST000205,SAVINGS,SAV_BASIC,2023-12-30,,ACTIVE,0.008,,BR0019,2023-12-30 10:43:08,2023-12-30 12:50:51
ACCT00000249,CUST000206,CHECKING,CHK_BASIC,2023-05-08,,ACTIVE,0.0265,,BR0006,2023-05-08 11:51:24,2023-05-08 08:59:06
ACCT00000250,CUST000207,SAVINGS,SAV_HIYIELD,2021-10-30,,ACTIVE,0.065,,BR0014,2021-10-30 15:25:48,2021-10-30 16:28:16
ACCT00000251,CUST000208,CD,CD_24MO,2022-02-04,,ACTIVE,0.018,,BR0001,2022-02-04 17:43:52,2022-02-04 16:17:18
ACCT00000252,CUST000209,CHECKING,CHK_PREMIUM,2023-07-16,,DORMANT,0.0077,,BR0006,2023-07-16 18:58:28,2023-07-16 12:32:01
ACCT00000253,CUST000210,CD,CD_24MO,2020-07-03,,ACTIVE,0.0662,,BR0002,2020-07-03 09:44:37,2020-07-03 12:28:53
ACCT00000254,CUST000211,CHECKING,CHK_PREMIUM,2023-12-09,,CLOSED,0.0691,,BR0018,2023-12-09 08:16:24,2023-12-09 10:10:01
ACCT00000255,CUST000211,CHECKING,CHK_BASIC,2023-07-29,,ACTIVE,0.0202,,BR0018,2023-07-29 14:03:57,2023-07-29 09:07:11
ACCT00000256,CUST000212,SAVINGS,SAV_BASIC,2022-03-10,,ACTIVE,0.0165,,BR0005,2022-03-10 22:30:56,2022-03-10 18:58:18
ACCT00000257,CUST000213,LOAN,LOAN_AUTO,2021-10-07,2023-01-11,CLOSED,0.1271,25000,BR0009,2021-10-07 13:49:29,2021-10-07 18:09:47
ACCT00000258,CUST000214,MONEY_MARKET,MM_STANDARD,2022-12-18,2023-08-20,CLOSED,0.0554,,BR0006,2022-12-18 08:40:26,2022-12-18 11:06:31
ACCT00000259,CUST000215,SAVINGS,SAV_BASIC,2023-12-06,,ACTIVE,0.0529,,BR0020,2023-12-06 09:32:24,2023-12-06 13:02:14
ACCT00000260,CUST000216,CD,CD_24MO,2021-02-08,,ACTIVE,0.027,,BR0012,2021-02-08 18:16:39,2021-02-08 19:29:19
ACCT00000261,CUST000217,SAVINGS,SAV_BASIC,2021-12-24,,FROZEN,0.0491,,BR0011,2021-12-24 06:24:50,2021-12-24 14:50:51
ACCT00000262,CUST000217,MONEY_MARKET,MM_STANDARD,2021-12-22,,FROZEN,0.052,,BR0011,2021-12-22 13:19:08,2021-12-22 16:52:42
ACCT00000263,CUST000218,CHECKING,CHK_BASIC,2023-12-24,,ACTIVE,0.0446,,BR0006,2023-12-24 17:35:36,2023-12-24 09:12:25
ACCT00000264,CUST000218,SAVINGS,SAV_BASIC,2023-05-05,,ACTIVE,0.0375,,BR0006,2023-05-05 11:07:21,2023-05-05 13:04:38
ACCT00000265,CUST000219,LOAN,LOAN_PERSONAL,2020-12-07,,ACTIVE,0.1203,1000,BR0004,2020-12-07 10:11:07,2020-12-07 19:36:47
ACCT00000266,CUST000220,CREDIT,CC_REWARDS,2020-12-10,,ACTIVE,0.03,5000,BR0011,2020-12-10 22:00:09,2020-12-10 13:12:49
ACCT00000267,CUST000220,SAVINGS,SAV_HIYIELD,2021-09-03,,ACTIVE,0.0162,,BR0011,2021-09-03 08:00:26,2021-09-03 17:28:15
ACCT00000268,CUST000220,SAVINGS,SAV_HIYIELD,2021-01-10,,ACTIVE,0.0308,,BR0011,2021-01-10 12:49:44,2021-01-10 17:07:01
ACCT00000269,CUST000221,CHECKING,CHK_BASIC,2021-03-06,,DORMANT,0.0129,,BR0003,2021-03-06 13:12:05,2021-03-06 16:23:32
ACCT00000270,CUST000221,CD,CD_24MO,2021-12-05,,ACTIVE,0.0019,,BR0003,2021-12-05 13:21:51,2021-12-05 20:06:31
ACCT00000271,CUST000222,SAVINGS,SAV_BASIC,2021-04-03,,FROZEN,0.0162,,BR0006,2021-04-03 17:26:32,2021-04-03 20:58:03
ACCT00000272,CUST000223,CHECKING,CHK_PREMIUM,2021-08-28,,FROZEN,0.0014,,BR0011,2021-08-28 08:25:16,2021-08-28 13:48:40
ACCT00000273,CUST000224,CD,CD_6MO,2022-03-11,,ACTIVE,0.0364,,BR0004,2022-03-11 14:07:48,2022-03-11 20:48:53
ACCT00000274,CUST000225,CD,CD_12MO,2023-11-08,,ACTIVE,0.0231,,BR0002,2023-11-08 15:20:41,2023-11-08 20:43:40
ACCT00000275,CUST000226,CD,CD_12MO,2022-03-10,,ACTIVE,0.0611,,BR0019,2022-03-10 07:14:14,2022-03-10 11:16:37
ACCT00000276,CUST000227,LOAN,LOAN_AUTO,2023-05-10,,DORMANT,0.2192,5000,BR0012,2023-05-10 16:07:49,2023-05-10 06:19:34
ACCT00000277,CUST000228,CHECKING,CHK_PREMIUM,2022-01-27,,ACTIVE,0.0564,,BR0004,2022-01-27 20:46:51,2022-01-27 12:53:07
ACCT00000278,CUST000229,SAVINGS,SAV_BASIC,2022-09-27,,ACTIVE,0.0392,,BR0007,2022-09-27 20:38:49,2022-09-27 17:52:37
ACCT00000279,CUST000230,LOAN,LOAN_PERSONAL,2023-09-03,,ACTIVE,0.061,1000,BR0014,2023-09-03 21:36:30,2023-09-03 18:19:56
ACCT00000280,CUST000231,CREDIT,CC_BASIC,2022-07-04,,ACTIVE,0.0414,10000,BR0011,2022-07-04 10:10:24,2022-07-04 12:18:32
ACCT00000281,CUST000232,SAVINGS,SAV_BASIC,2020-06-23,,FROZEN,0.0609,,BR0012,2020-06-23 06:38:32,2020-06-23 14:43:24
ACCT00000282,CUST000233,SAVINGS,SAV_BASIC,2023-04-20,,ACTIVE,0.0739,,BR0004,2023-04-20 19:04:13,2023-04-20 22:08:59
ACCT00000283,CUST000234,SAVINGS,SAV_HIYIELD,2023-04-11,,ACTIVE,0.0708,,BR0001,2023-04-11 20:28:38,2023-04-11 17:29:02
ACCT00000284,CUST000235,MONEY_MARKET,MM_STANDARD,2021-01-22,,ACTIVE,0.038,,BR0013,2021-01-22 11:56:47,2021-01-22 20:04:42
ACCT00000285,CUST000236,CHECKING,CHK_BASIC,2022-04-25,,DORMANT,0.0791,,BR0014,2022-04-25 09:08:35,2022-04-25 19:11:11
ACCT00000286,CUST000237,SAVINGS,SAV_BASIC,2021-01-08,,ACTIVE,0.014,,BR0008,2021-01-08 12:43:49,2021-01-08 13:03:50
ACCT00000287,CUST000238,CHECKING,CHK_PREMIUM,2022-11-26,,ACTIVE,0.0231,,BR0014,2022-11-26 06:50:25,2022-11-26 06:53:54
ACCT00000288,CUST000239,CHECKING,CHK_PREMIUM,2022-10-16,,ACTIVE,0.0493,,BR0016,2022-10-16 10:12:21,2022-10-16 20:34:56
ACCT00000289,CUST000239,SAVINGS,SAV_HIYIELD,2022-04-02,,ACTIVE,0.0081,,BR0016,2022-04-02 22:21:15,2022-04-02 21:45:53
ACCT00000290,CUST000240,CHECKING,CHK_PREMIUM,2022-01-11,,ACTIVE,0.043,,BR0009,2022-01-11 16:18:34,2022-01-11 21:49:21
ACCT00000291,CUST000241,MONEY_MARKET,MM_STANDARD,2023-12-30,,ACTIVE,0.0212,,BR0020,2023-12-30 17:22:19,2023-12-30 10:33:51
ACCT00000292,CUST000242,CHECKING,CHK_PREMIUM,2021-07-29,,ACTIVE,0.0611,,BR0007,2021-07-29 15:08:23,2021-07-29 16:51:01
ACCT00000293,CUST000243,SAVINGS,SAV_HIYIELD,2023-09-15,,ACTIVE,0.0032,,BR0009,2023-09-15 11:02:14,2023-09-15 10:10:07
ACCT00000294,CUST000244,CHECKING,CHK_BASIC,2020-06-30,,ACTIVE,0.0501,,BR0003,2020-06-30 16:35:25,2020-06-30 19:59:13
ACCT00000295,CUST000245,CD,CD_24MO,2020-06-01,,ACTIVE,0.0424,,BR0003,2020-06-01 21:10:58,2020-06-01 22:31:12
ACCT00000296,CUST000245,LOAN,LOAN_AUTO,2020-05-04,,ACTIVE,0.1535,10000,BR0003,2020-05-04 11:36:52,2020-05-04 09:30:58
ACCT00000297,CUST000246,CD,CD_6MO,2021-11-29,,ACTIVE,0.0347,,BR0012,2021-11-29 13:12:48,2021-11-29 11:34:35
ACCT00000298,CUST000247,CHECKING,CHK_BASIC,2021-03-22,2021-06-02,CLOSED,0.0426,,BR0007,2021-03-22 15:21:43,2021-03-22 08:09:01
ACCT00000299,CUST000248,CHECKING,CHK_BASIC,2020-12-21,,FROZEN,0.0075,,BR0016,2020-12-21 21:23:19,2020-12-21 17:17:04
ACCT00000300,CUST000249,MONEY_MARKET,MM_STANDARD,2021-12-29,,FROZEN,0.0054,,BR0016,2021-12-29 14:25:26,2021-12-29 10:55:29
ACCT00000301,CUST000250,SAVINGS,SAV_BASIC,2023-08-24,,ACTIVE,0.0331,,BR0017,2023-08-24 20:16:17,2023-08-24 11:52:03
ACCT00000302,CUST000250,CHECKING,CHK_PREMIUM,2023-11-29,2023-12-31,CLOSED,0.0241,,BR0017,2023-11-29 12:12:00,2023-11-29 17:32:31
ACCT00000303,CUST000251,MONEY_MARKET,MM_STANDARD,2020-10-06,,FROZEN,0.0347,,BR0014,2020-10-06 08:55:16,2020-10-06 16:28:38
ACCT00000304,CUST000252,CHECKING,CHK_BASIC,2023-06-05,,ACTIVE,0.0222,,BR0012,2023-06-05 16:32:45,2023-06-05 09:39:40
ACCT00000305,CUST000253,CHECKING,CHK_PREMIUM,2022-10-25,,ACTIVE,0.0539,,BR0010,2022-10-25 06:39:08,2022-10-25 17:04:36
ACCT00000306,CUST000254,CHECKING,CHK_BASIC,2022-03-23,,ACTIVE,0.0444,,BR0011,2022-03-23 17:08:15,2022-03-23 13:45:09
ACCT00000307,CUST000255,CHECKING,CHK_BASIC,2023-11-26,,ACTIVE,0.0606,,BR0007,2023-11-26 16:32:10,2023-11-26 09:21:34
ACCT00000308,CUST000255,CD,CD_6MO,2023-12-16,,ACTIVE,0.0071,,BR0007,2023-12-16 12:51:38,2023-12-16 20:05:18
ACCT00000309,CUST000256,MONEY_MARKET,MM_STANDARD,2023-04-22,,ACTIVE,0.0666,,BR0003,2023-04-22 20:19:44,2023-04-22 09:50:19
ACCT00000310,CUST000257,SAVINGS,SAV_HIYIELD,2022-10-01,,ACTIVE,0.0113,,BR0013,2022-10-01 08:33:59,2022-10-01 13:44:04
ACCT00000311,CUST000257,CHECKING,CHK_PREMIUM,2022-11-02,,ACTIVE,0.0196,,BR0013,2022-11-02 19:45:50,2022-11-02 20:30:10
ACCT00000312,CUST000258,CREDIT,CC_REWARDS,2023-12-14,,ACTIVE,0.0166,5000,BR0001,2023-12-14 15:39:57,2023-12-14 20:33:31
ACCT00000313,CUST000259,SAVINGS,SAV_HIYIELD,2023-09-17,,ACTIVE,0.0605,,BR0018,2023-09-17 15:14:57,2023-09-17 22:55:43
ACCT00000314,CUST000259,CD,CD_24MO,2023-04-07,,ACTIVE,0.0047,,BR0018,2023-04-07 13:17:59,2023-04-07 06:41:18
ACCT00000315,CUST000260,CHECKING,CHK_BASIC,2023-11-18,,ACTIVE,0.0505,,BR0002,2023-11-18 07:36:18,2023-11-18 06:38:04
ACCT00000316,CUST000260,SAVINGS,SAV_HIYIELD,2023-12-14,,ACTIVE,0.0338,,BR0002,2023-12-14 15:56:10,2023-12-14 18:24:44
ACCT00000317,CUST000260,CREDIT,CC_REWARDS,2023-12-14,,ACTIVE,0.0217,2000,BR0002,2023-12-14 07:14:26,2023-12-14 13:03:38
ACCT00000318,CUST000261,CHECKING,CHK_PREMIUM,2023-07-18,,ACTIVE,0.0127,,BR0019,2023-07-18 13:06:45,2023-07-18 09:48:29
ACCT00000319,CUST000262,CHECKING,CHK_PREMIUM,2021-05-26,,ACTIVE,0.0398,,BR0014,2021-05-26 16:26:36,2021-05-26 06:56:00
ACCT00000320,CUST000263,CHECKING,CHK_PREMIUM,2021-09-28,,ACTIVE,0.0493,,BR0003,2021-09-28 14:28:51,2021-09-28 15:10:10
ACCT00000321,CUST000264,MONEY_MARKET,MM_STANDARD,2023-12-05,,DORMANT,0.0497,,BR0020,2023-12-05 19:58:44,2023-12-05 21:50:30
ACCT00000322,CUST000265,SAVINGS,SAV_BASIC,2021-10-19,,ACTIVE,0.0141,,BR0009,2021-10-19 11:47:19,2021-10-19 20:46:49
ACCT00000323,CUST000266,CHECKING,CHK_BASIC,2023-03-07,,ACTIVE,0.0123,,BR0013,2023-03-07 06:36:02,2023-03-07 07:27:19
ACCT00000324,CUST000267,CD,CD_24MO,2023-11-02,,ACTIVE,0.0396,,BR0019,2023-11-02 16:20:16,2023-11-02 07:45:58
ACCT00000325,CUST000268,CHECKING,CHK_PREMIUM,2021-05-15,,ACTIVE,0.0499,,BR0010,2021-05-15 10:46:45,2021-05-15 07:47:27
ACCT00000326,CUST000269,CHECKING,CHK_PREMIUM,2023-12-06,,ACTIVE,0.0765,,BR0006,2023-12-06 18:37:01,2023-12-06 14:20:54
ACCT00000327,CUST000270,CHECKING,CHK_PREMIUM,2021-12-01,,ACTIVE,0.0148,,BR0001,2021-12-01 21:35:44,2021-12-01 13:21:29
ACCT00000328,CUST000271,SAVINGS,SAV_BASIC,2023-04-23,,ACTIVE,0.0748,,BR0014,2023-04-23 13:17:21,2023-04-23 13:40:57
ACCT00000329,CUST000272,CD,CD_12MO,2020-11-28,2022-04-13,CLOSED,0.0255,,BR0017,2020-11-28 11:09:18,2020-11-28 21:59:16
ACCT00000330,CUST000272,CHECKING,CHK_BASIC,2021-07-04,,ACTIVE,0.0575,,BR0017,2021-07-04 20:10:03,2021-07-04 13:14:22
ACCT00000331,CUST000273,SAVINGS,SAV_HIYIELD,2020-05-21,,ACTIVE,0.0086,,BR0009,2020-05-21 06:31:45,2020-05-21 08:23:22
ACCT00000332,CUST000273,SAVINGS,SAV_HIYIELD,2021-01-25,,ACTIVE,0.0511,,BR0009,2021-01-25 07:17:09,2021-01-25 10:57:41
ACCT00000333,CUST000274,CD,CD_12MO,2023-10-23,,ACTIVE,0.0066,,BR0001,2023-10-23 11:23:52,2023-10-23 17:54:05
ACCT00000334,CUST000275,CHECKING,CHK_BASIC,2021-11-20,,ACTIVE,0.0677,,BR0012,2021-11-20 17:57:01,2021-11-20 17:45:47
ACCT00000335,CUST000276,CHECKING,CHK_BASIC,2021-04-18,,ACTIVE,0.0497,,BR0010,2021-04-18 21:07:21,2021-04-18 21:54:48
ACCT00000336,CUST000277,CHECKING,CHK_BASIC,2020-10-14,,ACTIVE,0.0767,,BR0003,2020-10-14 10:17:26,2020-10-14 13:01:53
ACCT00000337,CUST000278,SAVINGS,SAV_BASIC,2022-05-31,,ACTIVE,0.054,,BR0004,2022-05-31 17:57:45,2022-05-31 19:15:20
ACCT00000338,CUST000278,CHECKING,CHK_PREMIUM,2022-04-04,,ACTIVE,0.0354,,BR0004,2022-04-04 08:20:02,2022-04-04 15:09:03
ACCT00000339,CUST000279,SAVINGS,SAV_HIYIELD,2022-10-10,,FROZEN,0.0481,,BR0002,2022-10-10 20:56:04,2022-10-10 15:12:43
ACCT00000340,CUST000280,CHECKING,CHK_BASIC,2023-04-05,,ACTIVE,0.0599,,BR0006,2023-04-05 07:06:02,2023-04-05 08:58:18
ACCT00000341,CUST000280,CREDIT,CC_BASIC,2022-11-15,,ACTIVE,0.0484,10000,BR0006,2022-11-15 22:33:32,2022-11-15 09:34:38
ACCT00000342,CUST000281,SAVINGS,SAV_BASIC,2023-02-03,,ACTIVE,0.0332,,BR0003,2023-02-03 22:30:45,2023-02-03 17:05:33
ACCT00000343,CUST000282,CD,CD_6MO,2022-08-11,,ACTIVE,0.0794,,BR0008,2022-08-11 07:42:37,2022-08-11 18:21:25
ACCT00000344,CUST000282,CREDIT,CC_REWARDS,2022-11-24,,ACTIVE,0.0388,25000,BR0008,2022-11-24 07:00:30,2022-11-24 10:45:31
ACCT00000345,CUST000283,CD,CD_12MO,2023-08-31,,FROZEN,0.0363,,BR0010,2023-08-31 12:29:13,2023-08-31 17:26:18
ACCT00000346,CUST000284,CHECKING,CHK_BASIC,2022-01-24,,FROZEN,0.0768,,BR0020,2022-01-24 13:03:49,2022-01-24 18:38:28
ACCT00000347,CUST000285,MONEY_MARKET,MM_STANDARD,2021-03-12,,ACTIVE,0.0092,,BR0005,2021-03-12 14:22:18,2021-03-12 12:26:29
ACCT00000348,CUST000285,CHECKING,CHK_BASIC,2020-09-27,,ACTIVE,0.0756,,BR0005,2020-09-27 18:33:32,2020-09-27 19:28:23
ACCT00000349,CUST000286,CHECKING,CHK_BASIC,2023-12-14,,ACTIVE,0.0076,,BR0011,2023-12-14 15:22:27,2023-12-14 07:22:42
ACCT00000350,CUST000287,SAVINGS,SAV_BASIC,2022-09-24,,ACTIVE,0.0408,,BR0010,2022-09-24 20:13:37,2022-09-24 10:01:46
ACCT00000351,CUST000288,CHECKING,CHK_PREMIUM,2021-07-01,,ACTIVE,0.0272,,BR0020,2021-07-01 12:15:49,2021-07-01 21:45:30
ACCT00000352,CUST000289,CD,CD_24MO,2023-05-04,2023-10-07,CLOSED,0.045,,BR0003,2023-05-04 09:37:50,2023-05-04 11:53:26
ACCT00000353,CUST000290,CHECKING,CHK_BASIC,2023-01-14,,ACTIVE,0.002,,BR0016,2023-01-14 09:09:16,2023-01-14 07:08:23
ACCT00000354,CUST000291,SAVINGS,SAV_HIYIELD,2021-10-09,,ACTIVE,0.0476,,BR0008,2021-10-09 07:32:47,2021-10-09 07:42:36
ACCT00000355,CUST000291,MONEY_MARKET,MM_STANDARD,2022-07-05,,ACTIVE,0.0327,,BR0008,2022-07-05 20:15:33,2022-07-05 22:30:08
ACCT00000356,CUST000292,CHECKING,CHK_BASIC,2022-10-19,2023-03-07,CLOSED,0.017,,BR0003,2022-10-19 15:15:33,2022-10-19 13:49:42
ACCT00000357,CUST000293,CHECKING,CHK_PREMIUM,2020-08-30,,ACTIVE,0.0499,,BR0019,2020-08-30 13:01:31,2020-08-30 14:06:28
ACCT00000358,CUST000294,MONEY_MARKET,MM_STANDARD,2021-11-09,,ACTIVE,0.0792,,BR0010,2021-11-09 19:48:24,2021-11-09 10:32:39
ACCT00000359,CUST000295,CHECKING,CHK_BASIC,2023-09-24,,ACTIVE,0.0125,,BR0014,2023-09-24 10:28:49,2023-09-24 16:40:25
ACCT00000360,CUST000296,CHECKING,CHK_BASIC,2023-11-11,,ACTIVE,0.0112,,BR0018,2023-11-11 15:02:23,2023-11-11 18:47:29
ACCT00000361,CUST000297,CHECKING,CHK_PREMIUM,2020-06-19,,ACTIVE,0.042,,BR0012,2020-06-19 07:52:16,2020-06-19 09:59:33
ACCT00000362,CUST000298,CD,CD_6MO,2021-09-10,,ACTIVE,0.0276,,BR0013,2021-09-10 19:25:27,2021-09-10 07:45:34
ACCT00000363,CUST000299,CHECKING,CHK_PREMIUM,2020-11-16,,ACTIVE,0.0619,,BR0004,2020-11-16 21:40:39,2020-11-16 07:37:35
ACCT00000364,CUST000300,SAVINGS,SAV_BASIC,2021-02-10,,ACTIVE,0.0384,,BR0013,2021-02-10 16:53:35,2021-02-10 15:19:19
ACCT00000365,CUST000301,CHECKING,CHK_PREMIUM,2023-10-31,,ACTIVE,0.0161,,BR0015,2023-10-31 08:15:55,2023-10-31 20:15:29
ACCT00000366,CUST000302,CHECKING,CHK_BASIC,2020-12-05,,ACTIVE,0.0672,,BR0008,2020-12-05 09:58:34,2020-12-05 07:44:09
ACCT00000367,CUST000303,MONEY_MARKET,MM_STANDARD,2023-12-17,,ACTIVE,0.0487,,BR0014,2023-12-17 13:42:36,2023-12-17 19:00:24
ACCT00000368,CUST000304,CHECKING,CHK_BASIC,2020-04-07,,ACTIVE,0.0666,,BR0010,2020-04-07 10:46:20,2020-04-07 18:42:43
ACCT00000369,CUST000305,LOAN,LOAN_PERSONAL,2022-11-13,,ACTIVE,0.0979,1000,BR0018,2022-11-13 13:16:05,2022-11-13 14:05:12
ACCT00000370,CUST000306,CREDIT,CC_BASIC,2020-09-21,,ACTIVE,0.0257,5000,BR0005,2020-09-21 08:44:45,2020-09-21 13:10:20
ACCT00000371,CUST000307,MONEY_MARKET,MM_STANDARD,2023-08-13,2023-10-21,CLOSED,0.004,,BR0018,2023-08-13 17:26:00,2023-08-13 14:50:03
ACCT00000372,CUST000308,SAVINGS,SAV_HIYIELD,2022-04-05,,ACTIVE,0.0426,,BR0014,2022-04-05 08:01:12,2022-04-05 09:16:51
ACCT00000373,CUST000309,SAVINGS,SAV_BASIC,2021-05-23,,ACTIVE,0.0372,,BR0008,2021-05-23 21:38:17,2021-05-23 07:29:46
ACCT00000374,CUST000310,CHECKING,CHK_PREMIUM,2021-09-22,,ACTIVE,0.0214,,BR0007,2021-09-22 22:28:00,2021-09-22 13:15:38
ACCT00000375,CUST000311,CREDIT,CC_REWARDS,2023-01-25,,ACTIVE,0.0771,1000,BR0002,2023-01-25 06:53:24,2023-01-25 06:14:10
ACCT00000376,CUST000312,SAVINGS,SAV_BASIC,2022-02-14,,ACTIVE,0.0285,,BR0019,2022-02-14 18:15:05,2022-02-14 07:05:01
ACCT00000377,CUST000313,CD,CD_6MO,2022-07-07,,ACTIVE,0.0264,,BR0015,2022-07-07 18:02:24,2022-07-07 15:01:03
ACCT00000378,CUST000313,CHECKING,CHK_PREMIUM,2022-08-31,,ACTIVE,0.0376,,BR0015,2022-08-31 15:56:35,2022-08-31 18:49:40
ACCT00000379,CUST000314,CD,CD_12MO,2023-12-13,,ACTIVE,0.0418,,BR0002,2023-12-13 20:00:57,2023-12-13 13:25:51
ACCT00000380,CUST000315,SAVINGS,SAV_HIYIELD,2022-04-24,2022-08-05,CLOSED,0.0394,,BR0002,2022-04-24 13:41:30,2022-04-24 16:36:58
ACCT00000381,CUST000315,CHECKING,CHK_BASIC,2022-06-28,,ACTIVE,0.0361,,BR0002,2022-06-28 09:07:59,2022-06-28 08:28:06
ACCT00000382,CUST000315,MONEY_MARKET,MM_STANDARD,2022-08-23,,ACTIVE,0.023,,BR0002,2022-08-23 06:10:59,2022-08-23 08:17:18
ACCT00000383,CUST000316,CHECKING,CHK_PREMIUM,2021-05-21,,ACTIVE,0.0681,,BR0018,2021-05-21 19:28:17,2021-05-21 13:14:14
ACCT00000384,CUST000316,CD,CD_24MO,2022-03-11,,ACTIVE,0.0587,,BR0018,2022-03-11 16:23:10,2022-03-11 13:36:06
ACCT00000385,CUST000317,CHECKING,CHK_BASIC,2021-11-30,,ACTIVE,0.0256,,BR0005,2021-11-30 11:24:40,2021-11-30 18:22:13
ACCT00000386,CUST000318,LOAN,LOAN_AUTO,2022-09-03,,FROZEN,0.1695,10000,BR0010,2022-09-03 13:06:29,2022-09-03 12:36:55
ACCT00000387,CUST000319,CHECKING,CHK_BASIC,2022-09-30,,FROZEN,0.0744,,BR0017,2022-09-30 12:50:47,2022-09-30 17:54:33
ACCT00000388,CUST000320,SAVINGS,SAV_BASIC,2020-11-03,,ACTIVE,0.0694,,BR0004,2020-11-03 18:35:29,2020-11-03 08:16:44
ACCT00000389,CUST000320,CHECKING,CHK_BASIC,2020-09-19,,ACTIVE,0.0717,,BR0004,2020-09-19 21:58:38,2020-09-19 18:28:59
ACCT00000390,CUST000321,SAVINGS,SAV_BASIC,2022-11-17,,ACTIVE,0.0662,,BR0010,2022-11-17 20:38:08,2022-11-17 09:56:45
ACCT00000391,CUST000322,CHECKING,CHK_PREMIUM,2022-08-05,,ACTIVE,0.0561,,BR0011,2022-08-05 12:59:56,2022-08-05 17:48:16
ACCT00000392,CUST000323,MONEY_MARKET,MM_STANDARD,2023-12-13,,ACTIVE,0.009,,BR0014,2023-12-13 15:42:40,2023-12-13 16:23:31
ACCT00000393,CUST000324,CHECKING,CHK_PREMIUM,2022-02-18,,ACTIVE,0.0533,,BR0013,2022-02-18 21:44:53,2022-02-18 09:46:34
ACCT00000394,CUST000325,CREDIT,CC_REWARDS,2022-03-07,,ACTIVE,0.011,50000,BR0009,2022-03-07 07:21:01,2022-03-07 11:24:03
ACCT00000395,CUST000325,CHECKING,CHK_BASIC,2021-06-06,,ACTIVE,0.0076,,BR0009,2021-06-06 16:27:04,2021-06-06 19:04:54
ACCT00000396,CUST000326,MONEY_MARKET,MM_STANDARD,2020-10-15,,ACTIVE,0.0775,,BR0020,2020-10-15 22:05:08,2020-10-15 08:54:14
ACCT00000397,CUST000327,MONEY_MARKET,MM_STANDARD,2022-05-05,,DORMANT,0.0429,,BR0006,2022-05-05 15:42:24,2022-05-05 07:48:43
ACCT00000398,CUST000327,CD,CD_12MO,2022-08-13,,ACTIVE,0.0111,,BR0006,2022-08-13 12:04:03,2022-08-13 14:42:16
ACCT00000399,CUST000328,SAVINGS,SAV_BASIC,2021-08-15,,ACTIVE,0.0506,,BR0018,2021-08-15 19:54:57,2021-08-15 17:20:46
ACCT00000400,CUST000329,CHECKING,CHK_BASIC,2020-03-22,,ACTIVE,0.0704,,BR0008,2020-03-22 06:26:13,2020-03-22 08:33:46
ACCT00000401,CUST000330,SAVINGS,SAV_BASIC,2023-03-07,,ACTIVE,0.0514,,BR0016,2023-03-07 13:53:01,2023-03-07 10:12:26
ACCT00000402,CUST000331,CD,CD_24MO,2023-12-12,,ACTIVE,0.016,,BR0019,2023-12-12 08:26:54,2023-12-12 20:27:17
ACCT00000403,CUST000332,CHECKING,CHK_BASIC,2022-07-19,,ACTIVE,0.0573,,BR0005,2022-07-19 13:42:11,2022-07-19 16:08:50
ACCT00000404,CUST000333,CD,CD_6MO,2022-11-20,,ACTIVE,0.0311,,BR0010,2022-11-20 13:29:37,2022-11-20 14:38:54
ACCT00000405,CUST000334,MONEY_MARKET,MM_STANDARD,2022-10-28,,ACTIVE,0.0257,,BR0006,2022-10-28 19:48:16,2022-10-28 14:19:43
ACCT00000406,CUST000335,CHECKING,CHK_PREMIUM,2021-02-03,,FROZEN,0.0411,,BR0016,2021-02-03 09:04:19,2021-02-03 13:14:02
ACCT00000407,CUST000336,SAVINGS,SAV_HIYIELD,2023-03-14,2023-04-25,CLOSED,0.0454,,BR0014,2023-03-14 21:05:53,2023-03-14 16:20:44
ACCT00000408,CUST000337,LOAN,LOAN_PERSONAL,2021-02-23,,ACTIVE,0.196,25000,BR0003,2021-02-23 21:59:39,2021-02-23 07:10:59
ACCT00000409,CUST000338,SAVINGS,SAV_HIYIELD,2023-09-10,,ACTIVE,0.0764,,BR0019,2023-09-10 13:29:10,2023-09-10 09:26:11
ACCT00000410,CUST000338,LOAN,LOAN_PERSONAL,2023-11-25,,ACTIVE,0.0692,5000,BR0019,2023-11-25 22:19:04,2023-11-25 06:11:39
ACCT00000411,CUST000339,MONEY_MARKET,MM_STANDARD,2023-03-12,,ACTIVE,0.058,,BR0010,2023-03-12 12:38:53,2023-03-12 17:31:54
ACCT00000412,CUST000340,MONEY_MARKET,MM_STANDARD,2022-02-08,,ACTIVE,0.0211,,BR0004,2022-02-08 20:17:43,2022-02-08 08:04:04
ACCT00000413,CUST000340,SAVINGS,SAV_HIYIELD,2022-08-11,,ACTIVE,0.0019,,BR0004,2022-08-11 22:27:09,2022-08-11 17:25:41
ACCT00000414,CUST000341,CHECKING,CHK_PREMIUM,2022-01-27,,ACTIVE,0.0587,,BR0001,2022-01-27 11:13:13,2022-01-27 06:50:00
ACCT00000415,CUST000342,SAVINGS,SAV_BASIC,2020-10-30,,ACTIVE,0.0597,,BR0011,2020-10-30 22:44:09,2020-10-30 11:40:16
ACCT00000416,CUST000343,SAVINGS,SAV_BASIC,2023-07-14,,ACTIVE,0.0041,,BR0017,2023-07-14 21:43:45,2023-07-14 22:33:12
ACCT00000417,CUST000343,CHECKING,CHK_PREMIUM,2023-02-13,,ACTIVE,0.0785,,BR0017,2023-02-13 15:34:22,2023-02-13 10:11:00
ACCT00000418,CUST000344,SAVINGS,SAV_BASIC,2020-06-19,2023-01-24,CLOSED,0.0445,,BR0019,2020-06-19 10:34:30,2020-06-19 14:53:43
ACCT00000419,CUST000345,CHECKING,CHK_BASIC,2022-03-17,,ACTIVE,0.0507,,BR0020,2022-03-17 16:04:10,2022-03-17 16:22:21
ACCT00000420,CUST000345,CHECKING,CHK_PREMIUM,2022-06-25,,ACTIVE,0.0709,,BR0020,2022-06-25 07:32:07,2022-06-25 15:44:34
ACCT00000421,CUST000346,CREDIT,CC_REWARDS,2021-09-18,,ACTIVE,0.0703,2000,BR0002,2021-09-18 07:00:13,2021-09-18 19:00:28
ACCT00000422,CUST000347,CHECKING,CHK_BASIC,2022-06-18,,ACTIVE,0.0012,,BR0017,2022-06-18 12:42:17,2022-06-18 10:56:52
ACCT00000423,CUST000348,CD,CD_12MO,2022-08-15,,ACTIVE,0.0647,,BR0006,2022-08-15 09:27:49,2022-08-15 10:54:35
ACCT00000424,CUST000349,SAVINGS,SAV_HIYIELD,2023-03-01,,ACTIVE,0.0674,,BR0005,2023-03-01 19:39:24,2023-03-01 21:46:43
ACCT00000425,CUST000349,CHECKING,CHK_PREMIUM,2022-03-07,,ACTIVE,0.0305,,BR0005,2022-03-07 14:04:01,2022-03-07 18:06:27
ACCT00000426,CUST000350,SAVINGS,SAV_BASIC,2022-05-08,,ACTIVE,0.0552,,BR0003,2022-05-08 15:18:50,2022-05-08 16:35:01
ACCT00000427,CUST000351,CHECKING,CHK_PREMIUM,2021-06-29,,ACTIVE,0.0666,,BR0017,2021-06-29 11:33:00,2021-06-29 10:18:06
ACCT00000428,CUST000351,CHECKING,CHK_BASIC,2021-04-23,2023-09-07,CLOSED,0.0527,,BR0017,2021-04-23 19:39:36,2021-04-23 19:06:46
ACCT00000429,CUST000352,LOAN,LOAN_AUTO,2022-10-23,,ACTIVE,0.1145,50000,BR0005,2022-10-23 13:44:10,2022-10-23 10:42:50
ACCT00000430,CUST000352,MONEY_MARKET,MM_STANDARD,2022-08-09,,ACTIVE,0.0787,,BR0005,2022-08-09 20:40:19,2022-08-09 13:22:58
ACCT00000431,CUST000353,LOAN,LOAN_PERSONAL,2023-12-11,,ACTIVE,0.2277,50000,BR0020,2023-12-11 12:38:23,2023-12-11 07:49:06
ACCT00000432,CUST000354,CHECKING,CHK_BASIC,2023-06-09,,DORMANT,0.0655,,BR0019,2023-06-09 16:32:43,2023-06-09 19:53:11
ACCT00000433,CUST000355,MONEY_MARKET,MM_STANDARD,2022-04-06,,ACTIVE,0.0075,,BR0010,2022-04-06 20:17:34,2022-04-06 06:15:01
ACCT00000434,CUST000356,CHECKING,CHK_BASIC,2023-12-09,,ACTIVE,0.0568,,BR0019,2023-12-09 21:07:53,2023-12-09 19:04:51
ACCT00000435,CUST000357,CHECKING,CHK_PREMIUM,2020-07-03,,ACTIVE,0.0766,,BR0009,2020-07-03 16:44:49,2020-07-03 15:42:46
ACCT00000436,CUST000357,SAVINGS,SAV_HIYIELD,2021-02-02,,ACTIVE,0.0592,,BR0009,2021-02-02 17:36:26,2021-02-02 20:20:28
ACCT00000437,CUST000358,SAVINGS,SAV_BASIC,2022-10-28,,ACTIVE,0.0548,,BR0015,2022-10-28 20:37:51,2022-10-28 13:01:45
ACCT00000438,CUST000359,SAVINGS,SAV_HIYIELD,2023-05-13,,ACTIVE,0.0616,,BR0015,2023-05-13 09:05:24,2023-05-13 06:35:36
ACCT00000439,CUST000360,SAVINGS,SAV_BASIC,2023-08-16,,ACTIVE,0.0704,,BR0005,2023-08-16 11:11:07,2023-08-16 12:12:24
ACCT00000440,CUST000360,LOAN,LOAN_PERSONAL,2023-08-12,,ACTIVE,0.0416,25000,BR0005,2023-08-12 12:17:29,2023-08-12 19:43:47
ACCT00000441,CUST000361,CD,CD_24MO,2022-05-12,,ACTIVE,0.058,,BR0014,2022-05-12 06:43:58,2022-05-12 21:17:24
ACCT00000442,CUST000361,CHECKING,CHK_PREMIUM,2021-09-18,,FROZEN,0.0466,,BR0014,2021-09-18 10:29:06,2021-09-18 16:44:25
ACCT00000443,CUST000362,CHECKING,CHK_PREMIUM,2023-08-25,,FROZEN,0.0601,,BR0017,2023-08-25 22:43:22,2023-08-25 10:32:23
ACCT00000444,CUST000363,MONEY_MARKET,MM_STANDARD,2023-01-06,,ACTIVE,0.0441,,BR0012,2023-01-06 14:49:15,2023-01-06 20:25:44
ACCT00000445,CUST000364,CHECKING,CHK_BASIC,2020-11-29,,ACTIVE,0.052,,BR0014,2020-11-29 21:15:31,2020-11-29 15:39:37
ACCT00000446,CUST000365,LOAN,LOAN_AUTO,2021-09-22,,ACTIVE,0.1325,50000,BR0005,2021-09-22 14:55:51,2021-09-22 15:17:07
ACCT00000447,CUST000365,CHECKING,CHK_PREMIUM,2021-06-11,,ACTIVE,0.0117,,BR0005,2021-06-11 16:18:41,2021-06-11 13:19:49
ACCT00000448,CUST000366,SAVINGS,SAV_HIYIELD,2022-04-09,,ACTIVE,0.0034,,BR0015,2022-04-09 14:15:21,2022-04-09 22:13:58
ACCT00000449,CUST000367,CD,CD_24MO,2023-04-03,,ACTIVE,0.0053,,BR0018,2023-04-03 19:23:32,2023-04-03 16:28:32
ACCT00000450,CUST000368,CREDIT,CC_REWARDS,2022-04-17,,ACTIVE,0.0339,25000,BR0012,2022-04-17 08:24:30,2022-04-17 22:19:52
ACCT00000451,CUST000369,CHECKING,CHK_BASIC,2021-11-12,,FROZEN,0.0055,,BR0001,2021-11-12 20:41:42,2021-11-12 09:51:43
ACCT00000452,CUST000370,SAVINGS,SAV_BASIC,2021-12-27,,ACTIVE,0.026,,BR0011,2021-12-27 06:41:40,2021-12-27 06:31:32
ACCT00000453,CUST000370,SAVINGS,SAV_BASIC,2021-08-22,,ACTIVE,0.0161,,BR0011,2021-08-22 22:20:18,2021-08-22 06:15:57
ACCT00000454,CUST000371,MONEY_MARKET,MM_STANDARD,2023-11-14,,ACTIVE,0.0549,,BR0005,2023-11-14 07:46:11,2023-11-14 13:05:48
ACCT00000455,CUST000372,CHECKING,CHK_BASIC,2023-02-18,,ACTIVE,0.0135,,BR0019,2023-02-18 13:20:44,2023-02-18 16:51:07
ACCT00000456,CUST000372,CHECKING,CHK_BASIC,2023-01-19,,ACTIVE,0.0159,,BR0019,2023-01-19 10:15:17,2023-01-19 21:31:04
ACCT00000457,CUST000373,SAVINGS,SAV_HIYIELD,2022-03-22,,FROZEN,0.0258,,BR0010,2022-03-22 17:44:28,2022-03-22 07:58:09
ACCT00000458,CUST000374,CHECKING,CHK_PREMIUM,2022-06-01,,ACTIVE,0.0068,,BR0007,2022-06-01 19:19:16,2022-06-01 17:36:17
ACCT00000459,CUST000374,SAVINGS,SAV_BASIC,2022-11-28,,ACTIVE,0.0445,,BR0007,2022-11-28 13:59:42,2022-11-28 08:40:09
ACCT00000460,CUST000375,CHECKING,CHK_PREMIUM,2023-01-25,,ACTIVE,0.0092,,BR0004,2023-01-25 10:10:55,2023-01-25 10:58:34
ACCT00000461,CUST000376,CD,CD_6MO,2022-10-20,,ACTIVE,0.0298,,BR0016,2022-10-20 15:18:26,2022-10-20 17:15:42
ACCT00000462,CUST000377,SAVINGS,SAV_HIYIELD,2022-07-07,,ACTIVE,0.005,,BR0016,2022-07-07 19:13:45,2022-07-07 16:27:00
ACCT00000463,CUST000377,SAVINGS,SAV_HIYIELD,2022-10-05,,ACTIVE,0.0739,,BR0016,2022-10-05 12:14:41,2022-10-05 10:31:26
ACCT00000464,CUST000378,CHECKING,CHK_BASIC,2023-09-05,,ACTIVE,0.0033,,BR0013,2023-09-05 11:44:47,2023-09-05 13:25:36
ACCT00000465,CUST000379,CHECKING,CHK_BASIC,2023-10-06,,ACTIVE,0.0155,,BR0009,2023-10-06 11:09:03,2023-10-06 20:23:21
ACCT00000466,CUST000380,CD,CD_24MO,2023-04-03,,ACTIVE,0.0039,,BR0010,2023-04-03 20:01:58,2023-04-03 08:21:43
ACCT00000467,CUST000380,CHECKING,CHK_BASIC,2023-06-19,2023-09-10,CLOSED,0.021,,BR0010,2023-06-19 07:29:27,2023-06-19 21:57:10
ACCT00000468,CUST000381,LOAN,LOAN_PERSONAL,2022-10-17,,ACTIVE,0.191,2000,BR0019,2022-10-17 08:47:38,2022-10-17 11:36:58
ACCT00000469,CUST000381,SAVINGS,SAV_BASIC,2023-08-08,,ACTIVE,0.0682,,BR0019,2023-08-08 13:01:30,2023-08-08 08:10:11
ACCT00000470,CUST000382,SAVINGS,SAV_BASIC,2023-09-24,,ACTIVE,0.0709,,BR0005,2023-09-24 22:14:41,2023-09-24 20:28:47
ACCT00000471,CUST000383,CHECKING,CHK_PREMIUM,2023-10-28,,ACTIVE,0.0398,,BR0003,2023-10-28 20:50:10,2023-10-28 10:03:25
ACCT00000472,CUST000384,CHECKING,CHK_BASIC,2022-05-24,,ACTIVE,0.0768,,BR0009,2022-05-24 11:26:36,2022-05-24 07:57:18
ACCT00000473,CUST000384,CHECKING,CHK_PREMIUM,2022-10-06,,ACTIVE,0.0119,,BR0009,2022-10-06 14:31:26,2022-10-06 06:54:36
ACCT00000474,CUST000385,CHECKING,CHK_PREMIUM,2023-12-18,,ACTIVE,0.0133,,BR0014,2023-12-18 14:58:52,2023-12-18 16:11:23
ACCT00000475,CUST000386,SAVINGS,SAV_HIYIELD,2020-09-26,,ACTIVE,0.0381,,BR0004,2020-09-26 14:00:28,2020-09-26 06:51:44
ACCT00000476,CUST000386,LOAN,LOAN_AUTO,2021-04-13,,ACTIVE,0.1336,1000,BR0004,2021-04-13 19:05:09,2021-04-13 22:32:38
ACCT00000477,CUST000387,SAVINGS,SAV_BASIC,2022-08-06,,ACTIVE,0.0638,,BR0016,2022-08-06 10:32:50,2022-08-06 10:57:25
ACCT00000478,CUST000388,CD,CD_12MO,2023-02-08,,DORMANT,0.0213,,BR0014,2023-02-08 20:01:00,2023-02-08 16:12:55
ACCT00000479,CUST000389,SAVINGS,SAV_HIYIELD,2021-02-05,,FROZEN,0.0439,,BR0020,2021-02-05 06:50:12,2021-02-05 08:44:53
ACCT00000480,CUST000390,CD,CD_24MO,2022-04-27,,ACTIVE,0.0672,,BR0005,2022-04-27 08:09:29,2022-04-27 22:12:57
ACCT00000481,CUST000391,CREDIT,CC_REWARDS,2020-08-04,,FROZEN,0.0198,5000,BR0016,2020-08-04 14:05:53,2020-08-04 18:50:01
ACCT00000482,CUST000392,CHECKING,CHK_PREMIUM,2023-11-07,,ACTIVE,0.0449,,BR0009,2023-11-07 22:28:00,2023-11-07 09:30:00
ACCT00000483,CUST000393,CD,CD_12MO,2020-11-29,,ACTIVE,0.0145,,BR0002,2020-11-29 21:29:41,2020-11-29 09:46:03
ACCT00000484,CUST000394,SAVINGS,SAV_BASIC,2022-07-13,2022-12-05,CLOSED,0.0345,,BR0020,2022-07-13 17:46:28,2022-07-13 18:28:44
ACCT00000485,CUST000395,SAVINGS,SAV_BASIC,2023-11-10,,ACTIVE,0.0082,,BR0001,2023-11-10 06:03:43,2023-11-10 21:03:52
ACCT00000486,CUST000395,CHECKING,CHK_BASIC,2023-12-06,,ACTIVE,0.0584,,BR0001,2023-12-06 06:23:03,2023-12-06 10:22:42
ACCT00000487,CUST000396,CHECKING,CHK_BASIC,2022-09-20,,FROZEN,0.0566,,BR0018,2022-09-20 11:02:05,2022-09-20 06:43:11
ACCT00000488,CUST000396,MONEY_MARKET,MM_STANDARD,2022-08-02,,ACTIVE,0.0223,,BR0018,2022-08-02 20:43:44,2022-08-02 16:40:14
ACCT00000489,CUST000397,MONEY_MARKET,MM_STANDARD,2021-12-01,,ACTIVE,0.0284,,BR0009,2021-12-01 18:42:43,2021-12-01 14:42:41
ACCT00000490,CUST000398,CHECKING,CHK_PREMIUM,2021-09-19,,ACTIVE,0.0099,,BR0017,2021-09-19 12:28:18,2021-09-19 07:50:50
ACCT00000491,CUST000399,CHECKING,CHK_BASIC,2023-11-26,,DORMANT,0.0696,,BR0016,2023-11-26 19:50:48,2023-11-26 18:47:36
ACCT00000492,CUST000400,CREDIT,CC_BASIC,2023-01-22,,ACTIVE,0.0597,10000,BR0008,2023-01-22 06:53:33,2023-01-22 16:21:31
ACCT00000493,CUST000401,SAVINGS,SAV_HIYIELD,2021-10-29,,ACTIVE,0.0422,,BR0001,2021-10-29 18:33:32,2021-10-29 08:17:17
ACCT00000494,CUST000402,MONEY_MARKET,MM_STANDARD,2021-02-10,2021-07-09,CLOSED,0.0765,,BR0005,2021-02-10 16:32:25,2021-02-10 11:18:47
ACCT00000495,CUST000403,CHECKING,CHK_PREMIUM,2023-09-30,,ACTIVE,0.0175,,BR0009,2023-09-30 14:23:48,2023-09-30 13:20:09
ACCT00000496,CUST000403,SAVINGS,SAV_BASIC,2023-11-30,,ACTIVE,0.0082,,BR0009,2023-11-30 07:58:44,2023-11-30 22:23:51
ACCT00000497,CUST000404,LOAN,LOAN_AUTO,2020-05-25,,ACTIVE,0.1755,25000,BR0001,2020-05-25 16:38:14,2020-05-25 11:04:15
ACCT00000498,CUST000405,CHECKING,CHK_PREMIUM,2021-03-29,,ACTIVE,0.0581,,BR0011,2021-03-29 12:41:17,2021-03-29 06:56:48
ACCT00000499,CUST000406,CHECKING,CHK_PREMIUM,2022-08-07,,ACTIVE,0.0132,,BR0005,2022-08-07 21:42:59,2022-08-07 10:00:21
ACCT00000500,CUST000406,SAVINGS,SAV_HIYIELD,2022-10-18,,ACTIVE,0.0738,,BR0005,2022-10-18 09:45:39,2022-10-18 10:04:54
ACCT00000501,CUST000407,CD,CD_12MO,2021-05-23,,ACTIVE,0.0363,,BR0004,2021-05-23 18:00:18,2021-05-23 11:37:15
ACCT00000502,CUST000408,SAVINGS,SAV_HIYIELD,2023-02-22,,ACTIVE,0.0549,,BR0012,2023-02-22 11:05:16,2023-02-22 19:05:29
ACCT00000503,CUST000409,CHECKING,CHK_BASIC,2021-09-29,,ACTIVE,0.0345,,BR0011,2021-09-29 19:39:58,2021-09-29 22:33:41
ACCT00000504,CUST000410,MONEY_MARKET,MM_STANDARD,2022-04-23,,ACTIVE,0.0753,,BR0014,2022-04-23 16:18:17,2022-04-23 16:32:16
ACCT00000505,CUST000410,SAVINGS,SAV_HIYIELD,2022-01-31,,ACTIVE,0.0013,,BR0014,2022-01-31 10:46:59,2022-01-31 12:26:56
ACCT00000506,CUST000411,MONEY_MARKET,MM_STANDARD,2021-12-30,,ACTIVE,0.0534,,BR0019,2021-12-30 08:44:37,2021-12-30 12:16:24
ACCT00000507,CUST000411,CHECKING,CHK_BASIC,2022-02-10,,ACTIVE,0.0674,,BR0019,2022-02-10 22:18:50,2022-02-10 15:30:38
ACCT00000508,CUST000412,CHECKING,CHK_PREMIUM,2022-11-11,,FROZEN,0.0332,,BR0011,2022-11-11 08:23:26,2022-11-11 18:08:45
ACCT00000509,CUST000413,CHECKING,CHK_PREMIUM,2023-11-30,2023-12-31,CLOSED,0.0494,,BR0009,2023-11-30 22:01:55,2023-11-30 16:14:06
ACCT00000510,CUST000413,SAVINGS,SAV_HIYIELD,2023-08-11,,ACTIVE,0.0512,,BR0009,2023-08-11 15:15:15,2023-08-11 07:13:53
ACCT00000511,CUST000414,SAVINGS,SAV_HIYIELD,2021-11-03,,ACTIVE,0.0063,,BR0011,2021-11-03 19:40:41,2021-11-03 11:18:19
ACCT00000512,CUST000414,SAVINGS,SAV_BASIC,2021-05-22,,ACTIVE,0.0113,,BR0011,2021-05-22 08:13:34,2021-05-22 06:31:34
ACCT00000513,CUST000415,SAVINGS,SAV_HIYIELD,2022-08-29,,ACTIVE,0.0339,,BR0019,2022-08-29 16:44:56,2022-08-29 15:22:39
ACCT00000514,CUST000415,SAVINGS,SAV_BASIC,2022-05-14,,ACTIVE,0.0289,,BR0019,2022-05-14 16:45:53,2022-05-14 15:05:33
ACCT00000515,CUST000416,CHECKING,CHK_BASIC,2023-09-17,,ACTIVE,0.0277,,BR0008,2023-09-17 08:10:58,2023-09-17 22:45:34
ACCT00000516,CUST000417,SAVINGS,SAV_HIYIELD,2023-09-01,,ACTIVE,0.0149,,BR0013,2023-09-01 22:56:10,2023-09-01 15:28:56
ACCT00000517,CUST000418,CHECKING,CHK_BASIC,2023-09-08,,ACTIVE,0.0539,,BR0008,2023-09-08 11:52:39,2023-09-08 20:05:50
ACCT00000518,CUST000418,LOAN,LOAN_PERSONAL,2023-12-26,,ACTIVE,0.2236,2000,BR0008,2023-12-26 19:24:33,2023-12-26 19:18:08
ACCT00000519,CUST000419,CREDIT,CC_REWARDS,2023-11-06,,ACTIVE,0.0756,50000,BR0007,2023-11-06 16:11:30,2023-11-06 10:33:29
ACCT00000520,CUST000420,LOAN,LOAN_PERSONAL,2020-07-21,,FROZEN,0.0699,25000,BR0018,2020-07-21 21:28:35,2020-07-21 13:53:17
ACCT00000521,CUST000421,CREDIT,CC_BASIC,2020-09-30,,FROZEN,0.0661,5000,BR0013,2020-09-30 17:52:55,2020-09-30 17:30:15
ACCT00000522,CUST000422,SAVINGS,SAV_BASIC,2022-10-10,,ACTIVE,0.0688,,BR0020,2022-10-10 20:31:41,2022-10-10 07:03:16
ACCT00000523,CUST000423,SAVINGS,SAV_HIYIELD,2023-11-14,,ACTIVE,0.0184,,BR0014,2023-11-14 10:10:35,2023-11-14 17:52:59
ACCT00000524,CUST000424,SAVINGS,SAV_HIYIELD,2022-07-25,,ACTIVE,0.0043,,BR0011,2022-07-25 10:21:21,2022-07-25 16:18:58
ACCT00000525,CUST000424,SAVINGS,SAV_BASIC,2023-04-06,,FROZEN,0.0785,,BR0011,2023-04-06 20:57:58,2023-04-06 20:41:02
ACCT00000526,CUST000425,SAVINGS,SAV_HIYIELD,2021-09-25,,ACTIVE,0.0633,,BR0019,2021-09-25 19:40:50,2021-09-25 15:25:55
ACCT00000527,CUST000426,CD,CD_12MO,2022-03-04,,ACTIVE,0.031,,BR0009,2022-03-04 06:19:17,2022-03-04 22:42:59
ACCT00000528,CUST000427,SAVINGS,SAV_BASIC,2021-02-05,,ACTIVE,0.0572,,BR0003,2021-02-05 08:44:10,2021-02-05 15:34:38
ACCT00000529,CUST000427,SAVINGS,SAV_HIYIELD,2020-11-22,,FROZEN,0.0033,,BR0003,2020-11-22 19:57:10,2020-11-22 13:43:39
ACCT00000530,CUST000428,CHECKING,CHK_PREMIUM,2020-07-31,,ACTIVE,0.0768,,BR0017,2020-07-31 19:17:02,2020-07-31 21:26:01
ACCT00000531,CUST000429,CHECKING,CHK_BASIC,2020-04-08,2020-08-12,CLOSED,0.0689,,BR0007,2020-04-08 13:36:32,2020-04-08 06:44:07
ACCT00000532,CUST000430,CHECKING,CHK_PREMIUM,2021-08-01,,DORMANT,0.0124,,BR0019,2021-08-01 13:15:22,2021-08-01 19:35:39
ACCT00000533,CUST000431,MONEY_MARKET,MM_STANDARD,2022-04-01,2022-05-18,CLOSED,0.0299,,BR0016,2022-04-01 12:13:29,2022-04-01 14:53:51
ACCT00000534,CUST000431,CHECKING,CHK_BASIC,2022-08-07,,ACTIVE,0.0512,,BR0016,2022-08-07 20:31:10,2022-08-07 22:49:29
ACCT00000535,CUST000432,CHECKING,CHK_PREMIUM,2023-09-19,,ACTIVE,0.0531,,BR0001,2023-09-19 17:29:44,2023-09-19 15:22:31
ACCT00000536,CUST000433,MONEY_MARKET,MM_STANDARD,2021-04-06,,ACTIVE,0.0266,,BR0020,2021-04-06 13:44:40,2021-04-06 18:08:36
ACCT00000537,CUST000434,LOAN,LOAN_AUTO,2022-07-16,2022-10-12,CLOSED,0.1428,5000,BR0016,2022-07-16 08:35:14,2022-07-16 17:10:44
ACCT00000538,CUST000434,SAVINGS,SAV_HIYIELD,2021-11-02,,ACTIVE,0.0123,,BR0016,2021-11-02 07:29:57,2021-11-02 22:41:32
ACCT00000539,CUST000435,SAVINGS,SAV_BASIC,2021-11-10,,ACTIVE,0.0083,,BR0008,2021-11-10 17:31:18,2021-11-10 15:20:09
ACCT00000540,CUST000435,CHECKING,CHK_BASIC,2021-03-27,2023-07-31,CLOSED,0.0384,,BR0008,2021-03-27 18:48:39,2021-03-27 14:29:12
ACCT00000541,CUST000436,CHECKING,CHK_BASIC,2023-09-16,,ACTIVE,0.0247,,BR0009,2023-09-16 07:12:52,2023-09-16 17:43:54
ACCT00000542,CUST000436,CHECKING,CHK_BASIC,2023-06-21,,ACTIVE,0.0593,,BR0009,2023-06-21 15:56:18,2023-06-21 06:47:44
ACCT00000543,CUST000437,CREDIT,CC_BASIC,2022-05-12,,ACTIVE,0.0465,1000,BR0015,2022-05-12 11:51:45,2022-05-12 08:52:35
ACCT00000544,CUST000438,CHECKING,CHK_BASIC,2023-05-08,,ACTIVE,0.0289,,BR0019,2023-05-08 16:37:36,2023-05-08 07:45:01
ACCT00000545,CUST000439,MONEY_MARKET,MM_STANDARD,2021-07-10,2023-11-06,CLOSED,0.0724,,BR0003,2021-07-10 16:19:26,2021-07-10 06:05:35
ACCT00000546,CUST000440,MONEY_MARKET,MM_STANDARD,2022-05-24,,ACTIVE,0.0642,,BR0002,2022-05-24 13:16:51,2022-05-24 22:45:23
ACCT00000547,CUST000440,SAVINGS,SAV_HIYIELD,2022-05-15,,ACTIVE,0.0557,,BR0002,2022-05-15 20:27:34,2022-05-15 19:05:11
ACCT00000548,CUST000441,CHECKING,CHK_BASIC,2020-03-11,,ACTIVE,0.0621,,BR0002,2020-03-11 08:56:44,2020-03-11 12:32:05
ACCT00000549,CUST000442,CHECKING,CHK_PREMIUM,2023-08-10,2023-11-23,CLOSED,0.0453,,BR0016,2023-08-10 11:39:33,2023-08-10 07:35:34
ACCT00000550,CUST000443,MONEY_MARKET,MM_STANDARD,2021-08-11,,ACTIVE,0.0135,,BR0005,2021-08-11 09:52:36,2021-08-11 09:43:36
ACCT00000551,CUST000444,MONEY_MARKET,MM_STANDARD,2020-12-02,,ACTIVE,0.0162,,BR0007,2020-12-02 18:35:46,2020-12-02 12:06:28
ACCT00000552,CUST000445,SAVINGS,SAV_HIYIELD,2021-05-24,,ACTIVE,0.0779,,BR0012,2021-05-24 08:58:30,2021-05-24 08:00:54
ACCT00000553,CUST000446,CD,CD_6MO,2022-01-25,,ACTIVE,0.0499,,BR0019,2022-01-25 22:50:48,2022-01-25 21:18:02
ACCT00000554,CUST000447,CHECKING,CHK_BASIC,2021-12-16,,ACTIVE,0.0613,,BR0020,2021-12-16 13:17:51,2021-12-16 14:37:23
ACCT00000555,CUST000448,SAVINGS,SAV_HIYIELD,2020-02-20,,ACTIVE,0.0717,,BR0010,2020-02-20 21:49:25,2020-02-20 17:03:52
ACCT00000556,CUST000448,LOAN,LOAN_PERSONAL,2020-10-16,,DORMANT,0.1116,50000,BR0010,2020-10-16 20:09:14,2020-10-16 08:52:24
ACCT00000557,CUST000449,SAVINGS,SAV_HIYIELD,2020-07-28,,ACTIVE,0.0768,,BR0005,2020-07-28 22:46:04,2020-07-28 08:41:54
ACCT00000558,CUST000450,CD,CD_12MO,2020-03-16,,FROZEN,0.0781,,BR0008,2020-03-16 06:12:48,2020-03-16 18:55:49
ACCT00000559,CUST000451,SAVINGS,SAV_HIYIELD,2021-04-11,2023-01-09,CLOSED,0.0328,,BR0013,2021-04-11 18:25:43,2021-04-11 13:55:45
ACCT00000560,CUST000452,CHECKING,CHK_BASIC,2023-02-10,,ACTIVE,0.0033,,BR0009,2023-02-10 09:47:43,2023-02-10 16:33:52
ACCT00000561,CUST000452,CHECKING,CHK_PREMIUM,2022-10-20,,ACTIVE,0.0528,,BR0009,2022-10-20 19:12:15,2022-10-20 11:13:19
ACCT00000562,CUST000453,CREDIT,CC_REWARDS,2023-09-30,,ACTIVE,0.0242,50000,BR0014,2023-09-30 22:35:12,2023-09-30 11:15:29
ACCT00000563,CUST000454,SAVINGS,SAV_HIYIELD,2023-06-03,,ACTIVE,0.0157,,BR0003,2023-06-03 22:54:56,2023-06-03 16:58:34
ACCT00000564,CUST000455,SAVINGS,SAV_HIYIELD,2023-02-12,,DORMANT,0.0291,,BR0012,2023-02-12 09:13:39,2023-02-12 09:57:36
ACCT00000565,CUST000456,SAVINGS,SAV_BASIC,2022-04-09,,ACTIVE,0.0625,,BR0009,2022-04-09 13:27:31,2022-04-09 12:35:45
ACCT00000566,CUST000457,MONEY_MARKET,MM_STANDARD,2022-09-14,,ACTIVE,0.0036,,BR0006,2022-09-14 13:26:16,2022-09-14 20:23:33
ACCT00000567,CUST000458,CHECKING,CHK_PREMIUM,2021-01-10,,ACTIVE,0.0593,,BR0013,2021-01-10 14:06:25,2021-01-10 13:31:49
ACCT00000568,CUST000459,CHECKING,CHK_BASIC,2023-06-06,,ACTIVE,0.0464,,BR0006,2023-06-06 21:25:02,2023-06-06 09:16:22
ACCT00000569,CUST000460,SAVINGS,SAV_BASIC,2021-08-31,2022-01-13,CLOSED,0.0602,,BR0012,2021-08-31 14:16:51,2021-08-31 08:23:28
ACCT00000570,CUST000461,CHECKING,CHK_BASIC,2021-10-12,,ACTIVE,0.0067,,BR0013,2021-10-12 18:07:06,2021-10-12 15:24:58
ACCT00000571,CUST000462,CHECKING,CHK_BASIC,2023-01-01,,ACTIVE,0.0418,,BR0003,2023-01-01 11:25:47,2023-01-01 06:50:21
ACCT00000572,CUST000463,CHECKING,CHK_BASIC,2023-11-27,,ACTIVE,0.0596,,BR0016,2023-11-27 22:15:24,2023-11-27 22:48:16
ACCT00000573,CUST000464,CREDIT,CC_REWARDS,2021-07-14,,ACTIVE,0.0647,2000,BR0012,2021-07-14 15:56:51,2021-07-14 14:40:43
ACCT00000574,CUST000464,SAVINGS,SAV_HIYIELD,2021-08-08,,ACTIVE,0.0543,,BR0012,2021-08-08 19:01:00,2021-08-08 13:00:54
ACCT00000575,CUST000465,SAVINGS,SAV_HIYIELD,2021-07-01,,ACTIVE,0.0623,,BR0016,2021-07-01 13:33:24,2021-07-01 21:58:17
ACCT00000576,CUST000465,CD,CD_24MO,2020-10-09,,ACTIVE,0.0773,,BR0016,2020-10-09 20:47:55,2020-10-09 12:24:51
ACCT00000577,CUST000466,SAVINGS,SAV_BASIC,2021-05-10,,ACTIVE,0.0754,,BR0005,2021-05-10 16:53:43,2021-05-10 20:01:50
ACCT00000578,CUST000467,CREDIT,CC_REWARDS,2023-08-11,,ACTIVE,0.0036,1000,BR0015,2023-08-11 08:12:26,2023-08-11 14:54:57
ACCT00000579,CUST000468,CREDIT,CC_REWARDS,2021-03-30,,ACTIVE,0.0454,2000,BR0015,2021-03-30 21:52:29,2021-03-30 07:00:44
ACCT00000580,CUST000469,MONEY_MARKET,MM_STANDARD,2021-11-02,,ACTIVE,0.0702,,BR0007,2021-11-02 09:19:51,2021-11-02 11:38:22
ACCT00000581,CUST000470,CHECKING,CHK_PREMIUM,2022-10-19,,ACTIVE,0.0465,,BR0003,2022-10-19 15:08:53,2022-10-19 08:47:48
ACCT00000582,CUST000470,LOAN,LOAN_AUTO,2023-01-25,,FROZEN,0.2089,2000,BR0003,2023-01-25 21:21:10,2023-01-25 22:00:00
ACCT00000583,CUST000471,CREDIT,CC_BASIC,2022-10-08,,ACTIVE,0.0224,10000,BR0005,2022-10-08 15:44:48,2022-10-08 16:37:11
ACCT00000584,CUST000471,CHECKING,CHK_BASIC,2023-02-11,,ACTIVE,0.0445,,BR0005,2023-02-11 11:27:17,2023-02-11 22:38:31
ACCT00000585,CUST000472,LOAN,LOAN_PERSONAL,2023-11-05,,FROZEN,0.0506,10000,BR0007,2023-11-05 06:29:35,2023-11-05 09:08:43
ACCT00000586,CUST000472,LOAN,LOAN_AUTO,2023-11-30,,ACTIVE,0.121,1000,BR0007,2023-11-30 13:02:54,2023-11-30 14:55:49
ACCT00000587,CUST000473,MONEY_MARKET,MM_STANDARD,2021-02-01,2022-10-14,CLOSED,0.0504,,BR0017,2021-02-01 13:20:45,2021-02-01 17:49:09
ACCT00000588,CUST000473,SAVINGS,SAV_BASIC,2020-12-22,,ACTIVE,0.0543,,BR0017,2020-12-22 21:45:22,2020-12-22 18:42:31
ACCT00000589,CUST000474,MONEY_MARKET,MM_STANDARD,2021-04-01,,ACTIVE,0.0735,,BR0002,2021-04-01 19:56:20,2021-04-01 18:17:40
ACCT00000590,CUST000475,CHECKING,CHK_BASIC,2023-04-24,,ACTIVE,0.0708,,BR0007,2023-04-24 08:53:33,2023-04-24 20:02:43
ACCT00000591,CUST000476,SAVINGS,SAV_BASIC,2022-12-19,,FROZEN,0.0395,,BR0004,2022-12-19 09:07:26,2022-12-19 09:04:19
ACCT00000592,CUST000477,SAVINGS,SAV_BASIC,2023-04-25,,ACTIVE,0.0058,,BR0002,2023-04-25 20:23:51,2023-04-25 15:11:46
ACCT00000593,CUST000478,CREDIT,CC_BASIC,2022-08-07,,ACTIVE,0.0768,50000,BR0015,2022-08-07 22:58:34,2022-08-07 16:45:11
ACCT00000594,CUST000479,CD,CD_24MO,2023-06-01,,ACTIVE,0.0673,,BR0012,2023-06-01 21:29:00,2023-06-01 07:30:35
ACCT00000595,CUST000480,MONEY_MARKET,MM_STANDARD,2021-08-17,,ACTIVE,0.0146,,BR0009,2021-08-17 09:10:05,2021-08-17 06:35:10
ACCT00000596,CUST000480,CREDIT,CC_BASIC,2021-09-09,,ACTIVE,0.0495,50000,BR0009,2021-09-09 18:26:46,2021-09-09 06:09:34
ACCT00000597,CUST000480,SAVINGS,SAV_BASIC,2021-12-18,,ACTIVE,0.0665,,BR0009,2021-12-18 17:29:04,2021-12-18 19:19:25
ACCT00000598,CUST000480,CREDIT,CC_BASIC,2022-05-25,,ACTIVE,0.0665,2000,BR0009,2022-05-25 21:00:53,2022-05-25 06:28:02
ACCT00000599,CUST000481,CREDIT,CC_REWARDS,2023-07-20,,ACTIVE,0.0736,50000,BR0011,2023-07-20 19:48:51,2023-07-20 13:10:02
ACCT00000600,CUST000482,SAVINGS,SAV_BASIC,2023-10-13,,ACTIVE,0.0226,,BR0006,2023-10-13 14:38:09,2023-10-13 19:31:46
ACCT00000601,CUST000483,SAVINGS,SAV_HIYIELD,2022-05-28,,ACTIVE,0.0057,,BR0010,2022-05-28 21:51:18,2022-05-28 14:51:21
ACCT00000602,CUST000484,SAVINGS,SAV_HIYIELD,2021-04-09,,ACTIVE,0.0322,,BR0010,2021-04-09 14:05:49,2021-04-09 22:10:32
ACCT00000603,CUST000484,CHECKING,CHK_PREMIUM,2021-06-14,,ACTIVE,0.0387,,BR0010,2021-06-14 17:00:54,2021-06-14 07:12:19
ACCT00000604,CUST000485,CHECKING,CHK_PREMIUM,2022-03-08,,ACTIVE,0.0493,,BR0007,2022-03-08 13:03:13,2022-03-08 10:54:47
ACCT00000605,CUST000486,SAVINGS,SAV_HIYIELD,2023-06-21,,ACTIVE,0.0146,,BR0015,2023-06-21 17:28:14,2023-06-21 13:00:39
ACCT00000606,CUST000487,SAVINGS,SAV_HIYIELD,2023-02-06,,ACTIVE,0.0189,,BR0005,2023-02-06 08:27:32,2023-02-06 16:09:41
ACCT00000607,CUST000487,CHECKING,CHK_PREMIUM,2023-02-13,,DORMANT,0.0301,,BR0005,2023-02-13 10:21:45,2023-02-13 12:30:48
ACCT00000608,CUST000488,CD,CD_6MO,2021-08-28,,ACTIVE,0.0579,,BR0009,2021-08-28 17:53:53,2021-08-28 12:25:46
ACCT00000609,CUST000489,CHECKING,CHK_BASIC,2023-11-09,,ACTIVE,0.0182,,BR0020,2023-11-09 14:08:09,2023-11-09 17:44:25
ACCT00000610,CUST000489,CHECKING,CHK_BASIC,2023-12-21,,ACTIVE,0.0403,,BR0020,2023-12-21 11:11:21,2023-12-21 12:06:02
ACCT00000611,CUST000490,CHECKING,CHK_BASIC,2020-05-15,,DORMANT,0.0015,,BR0001,2020-05-15 15:09:41,2020-05-15 12:16:59
ACCT00000612,CUST000491,SAVINGS,SAV_BASIC,2020-08-26,,ACTIVE,0.0711,,BR0012,2020-08-26 12:43:07,2020-08-26 22:13:34
ACCT00000613,CUST000492,CHECKING,CHK_BASIC,2022-02-24,,DORMANT,0.0111,,BR0018,2022-02-24 21:57:35,2022-02-24 06:17:29
ACCT00000614,CUST000493,SAVINGS,SAV_BASIC,2022-08-07,,ACTIVE,0.0387,,BR0003,2022-08-07 19:36:42,2022-08-07 18:34:01
ACCT00000615,CUST000494,CD,CD_24MO,2022-09-25,,ACTIVE,0.0292,,BR0016,2022-09-25 15:46:53,2022-09-25 10:06:23
ACCT00000616,CUST000495,CHECKING,CHK_PREMIUM,2020-11-20,,ACTIVE,0.0239,,BR0013,2020-11-20 16:13:45,2020-11-20 10:40:52
ACCT00000617,CUST000496,SAVINGS,SAV_HIYIELD,2023-05-11,,ACTIVE,0.0423,,BR0015,2023-05-11 17:39:13,2023-05-11 14:46:08
ACCT00000618,CUST000497,CD,CD_24MO,2023-07-07,2023-11-30,CLOSED,0.0729,,BR0013,2023-07-07 20:58:58,2023-07-07 22:55:13
ACCT00000619,CUST000498,CD,CD_6MO,2022-06-17,2023-08-02,CLOSED,0.0198,,BR0006,2022-06-17 09:38:32,2022-06-17 17:48:37
ACCT00000620,CUST000499,SAVINGS,SAV_BASIC,2022-05-17,,FROZEN,0.0111,,BR0003,2022-05-17 06:25:27,2022-05-17 19:56:58
ACCT00000621,CUST000500,LOAN,LOAN_PERSONAL,2022-12-25,,ACTIVE,0.1207,10000,BR0006,2022-12-25 13:19:31,2022-12-25 19:30:05
