customer_id,first_name,last_name,dob,ssn_hash,country_of_birth,citizenship,onboarded_date,kyc_status,kyc_reviewed_at,branch_id,created_at,updated_at
CUST000001,Evan,Ramos,1992-12-14,e2ffa0c3b30205d0608f12922aaf6aea822ab01a2668359362272e17c429ed3c,MX,MX,2021-05-17,APPROVED,2021-05-21,BR0009,2021-05-17 09:52:15,2021-05-17 06:31:42
CUST000002,Janice,Hoffman,1978-04-14,b575b2cba8c1c00cec7786bb3e5cfbf20280832f219f5dce83b4287b5ed3e249,US,US,2021-04-15,EXPIRED,2021-05-27,BR0001,2021-04-15 08:14:49,2021-04-15 18:11:25
CUST000003,Daniel,Landry,1955-02-22,1fbad8c0913759244219295322900516fbdc0492ce6afb44c8705eaf14c4dbe9,FR,FR,2022-11-08,APPROVED,2022-12-15,BR0013,2022-11-08 08:20:46,2022-11-08 14:50:30
CUST000004,Hannah,Hernandez,1954-01-15,ebb43508357fb5d5351c20cd657fa63a949cdbbb841a8a81e42677130886c32e,US,US,2022-01-11,APPROVED,2022-03-04,BR0012,2022-01-11 08:27:46,2022-01-11 14:04:04
CUST000005,Barry,Wood,2000-10-19,0774325a68c6deb08221c019a70f2eb69926e17ef9e382966ab0e816a50ffa38,US,US,2023-10-11,APPROVED,2023-10-13,BR0019,2023-10-11 18:37:13,2023-10-11 16:28:35
CUST000006,Angela,Jordan,1994-07-23,05b410271ea50c0fea0e9ef5031894e63917367d6f1f4f058cdb55f1ebad6180,US,US,2022-01-03,APPROVED,2022-01-04,BR0009,2022-01-03 11:27:10,2022-01-03 06:04:39
CUST000007,Bobby,Diaz,1994-07-06,28f77ec74537dfdc1a1494feada9a9ef579ba1e1786f7d716428d573c7a27816,FR,FR,2020-07-16,APPROVED,2020-08-05,BR0014,2020-07-16 18:29:34,2020-07-16 20:25:02
CUST000008,Sarah,Stanton,2000-10-24,21211d0f3dd8e300db35c9ac92feba700d5d6ce5ac95ac7e6f92fff87130c0cb,US,US,2022-12-08,APPROVED,2023-01-05,BR0003,2022-12-08 11:08:28,2022-12-08 18:43:48
CUST000009,Bill,Howard,1952-07-16,eb03a912ae8851c883a949a46afeddf8d3dc3eb2e6e40b61d046c2442338106c,AU,AU,2022-08-01,APPROVED,2022-09-04,BR0018,2022-08-01 19:22:15,2022-08-01 12:40:43
CUST000010,Evelyn,Estrada,1977-09-13,74168ce7071fcc12b77bb7df0427b34f936e2f8f165d50590288fb5f710c1a5a,US,US,2021-02-20,APPROVED,2021-04-11,BR0007,2021-02-20 06:32:43,2021-02-20 16:11:14
CUST000011,Michael,Castro,1961-03-09,daaa26a2e1e95aecc85a81cebdaf6ff9f72015a6092c37e150a6bbbce785906c,US,US,2020-10-24,APPROVED,2020-10-29,BR0016,2020-10-24 18:17:18,2020-10-24 20:51:58
CUST000012,Nancy,Dickson,1975-06-28,49301391e1a9b0472497ed0c8306e1ddec6ba5204eedd19d5cccb9ac324d2d26,US,US,2022-09-10,APPROVED,2022-10-07,BR0010,2022-09-10 15:34:42,2022-09-10 19:31:25
CUST000013,Kara,Frost,1976-09-17,68956bceed1747b3d2e1488800c5ab51bbe6f241955237d47cbf2d621575a5b1,US,US,2023-03-19,APPROVED,2023-04-08,BR0013,2023-03-19 17:27:44,2023-03-19 07:16:54
CUST000014,Joel,Martin,1979-08-30,5bbba844ce37f28a05215e0e8956f40eb04a3354138af1bbda489cce26fca4f6,US,US,2020-03-09,APPROVED,2020-03-30,BR0007,2020-03-09 07:37:47,2020-03-09 18:17:36
CUST000015,Lauren,Thompson,1988-04-10,7369e6d0fa6aa066db84f0073c38950f85d5cdb79c733d39ffbdc05cd1377d4e,US,US,2023-06-17,APPROVED,2023-06-25,BR0005,2023-06-17 18:14:20,2023-06-17 12:03:44
CUST000016,Robert,White,1983-04-13,55ffe2cfd80c72d42352c05cbd4da6f1b2ce36dd17b5af76072ad765c6baf15c,US,US,2023-05-01,APPROVED,2023-05-24,BR0006,2023-05-01 20:26:43,2023-05-01 12:27:19
CUST000017,Sandra,Patton,1971-01-23,75484b68413c5daf0e1aea5644160c130396c9f4a4d7a9fa0effdc0f5e248c3d,US,US,2020-06-10,APPROVED,2020-07-14,BR0020,2020-06-10 18:22:59,2020-06-10 15:26:42
CUST000018,Robert,Santiago,1988-12-28,2f71a382512a63422b82710db86e9e9ef9db74616258fae9e33650da9c485787,US,US,2021-05-23,APPROVED,2021-07-18,BR0009,2021-05-23 08:50:57,2021-05-23 15:39:07
CUST000019,Jill,Wright,1985-06-26,0072b04f00705cb1093b6b65d8637cb4f4f1e81743553b9f09818664845d00f4,US,US,2023-03-13,EXPIRED,2023-04-21,BR0019,2023-03-13 20:18:14,2023-03-13 14:56:26
CUST000020,Erik,Haynes,1973-09-01,5665f618990543872f34c59e1b5b736289b7d6784ef73819f9edb6a78e2ec54d,CN,CN,2020-02-06,APPROVED,2020-03-22,BR0008,2020-02-06 07:37:21,2020-02-06 22:26:08
CUST000021,Patrick,Williams,1992-10-18,92d5ad27dede25ec68764888d86488c88ec4ac04797e660f6cdee34cfbbe2fb2,IN,IN,2021-03-24,EXPIRED,2021-05-05,BR0004,2021-03-24 13:10:06,2021-03-24 06:57:48
CUST000022,Thomas,Gonzalez,1989-12-21,4f80645ef80010899c76ec5eb07094a81033d7903e67e351ecff84983fdcac20,JP,JP,2020-09-22,APPROVED,2020-11-17,BR0011,2020-09-22 15:57:54,2020-09-22 22:22:12
CUST000023,Samantha,Bailey,1975-10-03,7b670332481e71529a987d2c941dc33c03358b7883a90dfc8de620e5f2f44d50,US,US,2023-07-15,PENDING,,BR0005,2023-07-15 07:15:00,2023-07-15 07:19:17
CUST000024,Lori,Savage,2000-11-03,2f466d738e03a2ed1808a94596b5638311596839ff5034818e68a3e845dac9fc,GB,US,2022-06-06,APPROVED,2022-07-23,BR0001,2022-06-06 10:57:47,2022-06-06 17:06:08
CUST000025,Jeffrey,Keller,1960-04-19,7b14d197cc7e0722fc899a78d01a374c6f0452804638f68e1684601b6ccce506,US,US,2021-02-22,PENDING,,BR0020,2021-02-22 18:12:21,2021-02-22 16:40:43
CUST000026,Raymond,Ramirez,1992-04-15,c350872af40bc91606f1b612ad201f336909c304db6738fa44f5308faea52420,US,US,2020-01-06,EXPIRED,2020-03-06,BR0003,2020-01-06 14:45:23,2020-01-06 15:12:16
CUST000027,Chad,Ayala,1979-05-12,6f6ab99db7738870f91c88fae40cd58f7ddc69edf4850ed780161dd31d466e8b,US,US,2022-03-24,APPROVED,2022-04-08,BR0002,2022-03-24 12:18:56,2022-03-24 11:12:53
CUST000028,Michael,Hicks,1986-07-20,7a91223f414f4d59ace9d0e8d92ebbc2dc030d0a557d8253ccb73b61c0ac2f39,US,US,2020-11-19,PENDING,,BR0015,2020-11-19 15:11:16,2020-11-19 19:13:41
CUST000029,Erin,Anthony,1959-09-02,26204c7bcacf32aff670f755e30546d4e6d5ebe78fc06d93abf3e476c280ed0a,US,US,2020-02-09,APPROVED,2020-03-26,BR0013,2020-02-09 06:02:35,2020-02-09 16:45:45
CUST000030,Mark,Johnson,1962-08-21,b76d7ba4847266781bc301f5e322a571ae1a2a5540cc6fe26497d752715b6a79,US,US,2023-03-12,APPROVED,2023-03-16,BR0016,2023-03-12 20:56:18,2023-03-12 08:29:16
CUST000031,Natalie,Green,1966-11-23,e51003a0b2bf6db07fead0d6aff2bc664a31c28a626bef0a3dd6f2a3e45735ff,US,US,2020-03-18,APPROVED,2020-03-22,BR0012,2020-03-18 07:10:10,2020-03-18 14:27:25
CUST000032,Beverly,Terrell,1980-05-09,b8310d785f3bfdde3ab54a8bdec3a56cdfe6a41eb2502b99952d3d3e3ab978a9,US,US,2021-01-07,APPROVED,2021-02-25,BR0007,2021-01-07 10:33:09,2021-01-07 13:00:08
CUST000033,Benjamin,Carlson,1951-06-17,837fbe0a660267fc36627b22ff225395d0c9850438c4984966f7778189e97082,US,US,2020-10-03,APPROVED,2020-10-10,BR0008,2020-10-03 06:14:12,2020-10-03 14:26:29
CUST000034,Michael,Hartman,1989-07-24,899aeece4f3d16efab3fe2a855740996f0bc18e50e51c3d210929e1d751d0514,JP,JP,2020-05-19,PENDING,,BR0001,2020-05-19 20:54:27,2020-05-19 10:49:30
CUST000035,Samuel,Joyce,1981-03-01,adc93023e0e852b4bb9e75df9252adf878c1106f46de996003fffe4c9ba6c3fa,US,US,2021-10-08,APPROVED,2021-11-19,BR0003,2021-10-08 11:58:14,2021-10-08 14:52:31
CUST000036,Darrell,Lam,1965-04-23,bf6f1879ae46a45594f15f90702f190b569f4f9cd054b21f7768d6e45e6a1346,US,US,2021-04-27,APPROVED,2021-06-25,BR0005,2021-04-27 15:29:04,2021-04-27 06:05:29
CUST000037,James,Williams,1964-08-17,795edb9a8fef948c7bc72f70708742d97bee163f198e13e7be964d8d7e93b15e,US,US,2020-12-01,EXPIRED,2021-01-27,BR0014,2020-12-01 14:42:56,2020-12-01 20:46:49
CUST000038,Ryan,Meyer,1959-02-11,e37a9471e78c4dc647ddd10f26876fe612b71f1ca7e7c16dd0e7ec4bc57ee34e,CA,CA,2022-09-03,EXPIRED,2022-09-24,BR0004,2022-09-03 11:59:16,2022-09-03 07:24:23
CUST000039,Lindsay,Mcdaniel,1998-08-04,7af6df3389fec12598e4c434736e065201dad1fd3abec902740f5446226edabf,US,US,2021-04-11,APPROVED,2021-05-25,BR0011,2021-04-11 22:55:59,2021-04-11 08:11:09
CUST000040,Shelby,Mclaughlin,1978-05-30,8a63dc9e1296bfdd5919a465c7d5ea820b5cd05006170da3f8b01dbcddec5d68,US,US,2023-05-12,APPROVED,2023-06-03,BR0010,2023-05-12 14:58:32,2023-05-12 10:15:31
CUST000041,James,Reynolds,1972-05-07,2886f947abeb51fc9ebdd0f37cd1de7809f34e88d4023faa2434c56da3b05ac5,US,US,2023-07-09,APPROVED,2023-07-14,BR0005,2023-07-09 08:05:03,2023-07-09 09:33:29
CUST000042,Stacy,Mccall,1996-01-26,6cf135f17ec11aa598481120a4ae566f71c44589786dfc41ce021441b76b4078,AU,AU,2020-03-27,APPROVED,2020-05-11,BR0003,2020-03-27 20:54:03,2020-03-27 21:18:44
CUST000043,Cindy,Alvarado,1953-03-27,e6c7d0ae5e3ff8604d790c75c3d4b6fded0a8df63e70321b6ae8cadd01f1f29c,US,US,2023-07-13,APPROVED,2023-07-20,BR0012,2023-07-13 11:38:20,2023-07-13 09:31:06
CUST000044,David,Mccullough,1965-06-28,f489642b74f25e0288d5b31f11f8ecfd722808f6b0fe0207d140bdd9b01b35e1,IN,US,2020-12-26,APPROVED,2021-01-11,BR0006,2020-12-26 11:01:23,2020-12-26 15:09:09
CUST000045,William,Estrada,1960-02-20,cf468d4f63c56f96884760e1d8ccbe5b04b1359f6d5282fe2b81375e9f33e9aa,US,US,2022-02-09,APPROVED,2022-03-25,BR0007,2022-02-09 12:47:47,2022-02-09 06:44:34
CUST000046,Mark,Terry,1967-07-17,4c9326d6024e6f78ef929b27611d850ff8717bf36d963a383ab0205c7fcd9b4d,US,US,2021-02-19,APPROVED,2021-04-17,BR0017,2021-02-19 22:31:32,2021-02-19 16:00:17
CUST000047,Angela,Lee,1991-09-07,d834eab8030ed03af88c4edd47d1a682291a2f584a093e41262cfc02b297310c,MX,US,2020-02-13,APPROVED,2020-04-03,BR0003,2020-02-13 16:12:50,2020-02-13 20:31:16
CUST000048,Elizabeth,Gray,1966-04-19,632afaf8d78914759d0bdb821c9c103c0cf167a12b547e8592cf00de50471a7e,CA,CA,2022-03-25,APPROVED,2022-04-05,BR0014,2022-03-25 13:17:11,2022-03-25 20:58:31
CUST000049,Kaitlin,Thompson,1992-07-16,6cc7f6c70df90b78e07e6e0476fa00306804d5bef81f754e49064972d09d61ef,GB,US,2021-10-16,APPROVED,2021-10-18,BR0012,2021-10-16 08:09:51,2021-10-16 10:01:41
CUST000050,Ashley,Sullivan,1983-02-04,e550103b3362daa0e574630fc3ced6f415a4ebb9dc83d1ca59b2fc1c4414cc71,US,US,2023-03-19,PENDING,,BR0011,2023-03-19 19:13:02,2023-03-19 10:37:20
CUST000051,Martha,Torres,1978-05-02,dc08adef7e12a4733f44dcd5de5ac377b2fed2213a24fdf316b0e485a147a7a1,US,US,2023-09-24,PENDING,,BR0005,2023-09-24 19:11:52,2023-09-24 15:42:48
CUST000052,Jason,Floyd,1966-02-20,26cf3c31aca21ff6ec575ddca4cdd1fca50c5d93d1338aeba94b941ffbb4b71b,US,US,2020-03-29,APPROVED,2020-05-11,BR0001,2020-03-29 16:06:12,2020-03-29 12:46:06
CUST000053,Catherine,Morris,1970-01-04,29894b8c17eb71fdaeede33629ffabe8e5e11c20f34e9f847696638978bae6d2,US,US,2023-09-03,APPROVED,2023-10-10,BR0003,2023-09-03 08:11:54,2023-09-03 10:06:53
CUST000054,Scott,Lowe,1965-07-06,1a18c03a96bbd0996fd799796f2a4375ffeaa13be1f7afe247c4c9e3ec294823,US,US,2020-06-06,APPROVED,2020-08-04,BR0005,2020-06-06 19:34:26,2020-06-06 21:25:19
CUST000055,William,Leon,1950-10-04,5edd187b65ad596f6e64ea559da3eb27d5b24fe33775e2c2c44646d6ba017295,US,US,2020-08-01,REJECTED,2020-08-22,BR0002,2020-08-01 18:19:19,2020-08-01 10:53:53
CUST000056,Susan,Fitzgerald,1950-02-01,606f00e86ecd773b5ac65723d316639f6811e7a5fe6ff11e5fe292558e99caa7,US,US,2020-03-29,APPROVED,2020-05-01,BR0016,2020-03-29 13:53:20,2020-03-29 22:20:49
CUST000057,Donna,Campbell,1984-10-13,9aaeb129dbec283642d9bd538d66c226d6ab6394e8a283d33c57e317226cabbe,MX,US,2023-07-31,APPROVED,2023-09-17,BR0005,2023-07-31 12:18:42,2023-07-31 11:07:39
CUST000058,Elizabeth,Harvey,1962-08-23,7bbb3eaf7e98f9fb66477f87e8d8cc3e7ed4cbfbced03185cc2134317fd7eb03,US,US,2022-06-13,APPROVED,2022-06-25,BR0002,2022-06-13 15:10:39,2022-06-13 14:34:13
CUST000059,Clarence,Crane,1960-02-13,4aac0debf951cd0a4dd19ef7107643034b5a34b0f7ab40d87d99a09d6d531665,US,US,2021-07-31,PENDING,,BR0005,2021-07-31 19:37:39,2021-07-31 14:36:44
CUST000060,Jimmy,Collins,1997-04-07,613c287eceb376500bf25cad0bb786db1f7dae00c50bda953c8afe4140b62e05,US,US,2020-07-17,EXPIRED,2020-07-30,BR0002,2020-07-17 13:56:27,2020-07-17 19:26:01
CUST000061,Lindsay,Hernandez,1965-01-30,d5358c095a82ac1529d34a4d5a41ff99690e991eb509beca0382d0cdfd0e4ed5,US,US,2020-01-06,APPROVED,2020-01-19,BR0011,2020-01-06 12:34:25,2020-01-06 12:55:06
CUST000062,Brandon,Riggs,1950-05-07,ebdead400e6614c0ec794643de5567b033b50e1bbe33cf5339cf6aba2a8a0e06,US,US,2021-10-21,EXPIRED,2021-11-02,BR0008,2021-10-21 06:59:22,2021-10-21 11:59:26
CUST000063,Cheryl,Mack,1965-05-02,0bfc71758720b9cd35e92388044afe9deafc7eae00fc95bda5e390b46e288207,US,US,2023-09-14,REJECTED,2023-09-18,BR0018,2023-09-14 19:10:52,2023-09-14 20:48:27
CUST000064,Stanley,Mercado,1971-11-24,202f46056c11b358c123ab7e61ee6dd0f5aca3a83dfca16f68ab30db96b7f34b,GB,US,2021-04-11,APPROVED,2021-06-07,BR0007,2021-04-11 12:52:30,2021-04-11 19:57:47
CUST000065,Barbara,Higgins,1957-06-22,971b4442aa7042f48b5a150dfeb6326e86319deb265f8c4e33a6bc4276ab83cc,CA,CA,2022-11-02,APPROVED,2022-12-13,BR0013,2022-11-02 20:06:15,2022-11-02 19:35:19
CUST000066,Patrick,Ross,1959-10-01,a50646d998ee73c77ad026c23c0ba6823816523e43fd527a97ccf6554a1114ad,US,US,2020-01-03,APPROVED,2020-02-05,BR0008,2020-01-03 10:06:43,2020-01-03 22:46:14
CUST000067,Dylan,Watts,1981-05-04,7abae9d7365d92c751f5b384d7dd90bfcd90cd59ffe735f24771da28a3e012a9,US,US,2021-01-18,APPROVED,2021-01-23,BR0001,2021-01-18 18:57:30,2021-01-18 21:24:06
CUST000068,Patricia,Dalton,1953-11-24,9fd153ec7f39823df5ab9bce6f8e0fffa88aa3ccf2116178c50bc4009b6d4aa5,GB,GB,2022-05-16,REJECTED,2022-07-08,BR0018,2022-05-16 22:06:54,2022-05-16 14:15:49
CUST000069,Nicole,Osborne,1956-09-25,f74c5c794b11f18819b816bb2f26ef7c48f12596fd16616109f3f4fc1e17bdfd,US,US,2023-06-27,APPROVED,2023-07-24,BR0004,2023-06-27 17:37:26,2023-06-27 13:34:44
CUST000070,Jeffery,Brock,1976-10-25,83811d42a9acffceda80327748b3a0a8aec45a9d768a7d83704cdf2f286946ca,US,US,2021-12-18,EXPIRED,2022-01-31,BR0013,2021-12-18 17:44:52,2021-12-18 18:34:24
CUST000071,Heather,Marshall,1965-04-29,3d10b193cd098c0ad2257aecc988084fa4837aa9473befc4dd5e17d300f7e80c,US,US,2023-06-07,APPROVED,2023-06-16,BR0010,2023-06-07 22:37:36,2023-06-07 11:21:20
CUST000072,Angela,Lowery,1970-01-20,050acd12427a4252fd0aa074b6b1d879ee398488fef84d7bdc4bdd7c805de754,IN,IN,2023-05-19,APPROVED,2023-06-29,BR0005,2023-05-19 06:28:17,2023-05-19 21:09:48
CUST000073,David,Anderson,1986-12-18,1c658c7bfca378f14e7a945922d4665f7bbe815c5fc29311c452f37765a395fe,US,US,2022-05-17,EXPIRED,2022-06-15,BR0016,2022-05-17 06:35:00,2022-05-17 20:19:43
CUST000074,Steven,Schmidt,1994-09-06,2d5efff8a718066c0e9c3e64a8b081750f2cd6dbb69964807aa6c24a6175805d,US,US,2021-06-07,EXPIRED,2021-08-01,BR0009,2021-06-07 08:32:12,2021-06-07 22:54:19
CUST000075,Angelica,Stewart,1960-02-05,a4742a647e36e8f977b22e33d6f97faec6e052151cdb0ad7ff05c3f861ea37d3,US,US,2022-04-22,APPROVED,2022-05-22,BR0007,2022-04-22 18:46:37,2022-04-22 09:24:18
CUST000076,Karina,Ramos,1997-11-18,836ad203cf7cc4c39a8e879d1f576b690dd428d201307010d01d68f941132ceb,US,US,2020-02-28,APPROVED,2020-04-19,BR0013,2020-02-28 06:20:10,2020-02-28 09:53:56
CUST000077,Lisa,Mcclain,1952-10-25,1ec2f299c9a513f7edb315128eaf8d1799e3aa4691c72730cb42ed90cc8b53df,US,US,2020-12-02,APPROVED,2020-12-28,BR0001,2020-12-02 11:17:34,2020-12-02 14:22:33
CUST000078,Ronald,Meadows,1959-05-14,e42ff9ae454bd1538559d7e4b3154b4823a7db9567c2a29023103cda258ea3bd,GB,US,2021-03-30,APPROVED,2021-05-25,BR0016,2021-03-30 15:42:52,2021-03-30 13:39:38
CUST000079,Sean,Moore,1992-07-02,e59ef1b71397cfbf255a5a78c2d21a976dbb854e46deafdd78a188c98abcf5cd,US,US,2021-06-21,REJECTED,2021-07-18,BR0005,2021-06-21 20:50:23,2021-06-21 06:03:00
CUST000080,Michelle,Cole,1969-02-04,d3ce68dc93582f5e9ef0aafe1b501fa9eb3cac5eaed08cfa347053fcc683ec48,US,US,2020-04-05,PENDING,,BR0004,2020-04-05 17:41:13,2020-04-05 06:58:22
CUST000081,Karen,Larsen,1984-10-03,399d90eefa31c4262747c3b40593d188077a3df5ba85d26c1b150c0907fbb31a,US,US,2021-08-23,APPROVED,2021-09-29,BR0010,2021-08-23 19:28:36,2021-08-23 07:32:48
CUST000082,Joshua,Strickland,1993-01-18,aea6fcfcaa74076874b68c9cfb2e5300e13df150aeab53c8e18b47ac5741f0a4,US,US,2020-02-10,EXPIRED,2020-02-21,BR0001,2020-02-10 09:40:48,2020-02-10 12:27:23
CUST000083,Todd,Allen,1961-01-09,c60661b3edf27ec6e689eb77253f2ac8f0510b681f08265d688e69c603524625,IN,US,2020-04-08,APPROVED,2020-04-25,BR0013,2020-04-08 21:17:42,2020-04-08 16:27:35
CUST000084,Scott,Reeves,1985-12-18,39884a7ad2054b67de8bb9e9284b82c86bf3bc66e080ef3c9fb0c97433a8ecf0,MX,US,2022-02-06,APPROVED,2022-02-16,BR0011,2022-02-06 17:39:38,2022-02-06 19:55:30
CUST000085,Jimmy,Rogers,1962-04-14,d0b2898ca5b7d3026ebb7302dd87e57203705639079c32324901d11b0d82eae1,US,US,2021-10-08,APPROVED,2021-12-02,BR0011,2021-10-08 13:13:59,2021-10-08 15:28:50
CUST000086,Patricia,Miller,1952-08-21,7736e62a03350cdd517b5b895e6bb2fec8de2dbe4287093ec31f5e16b65c58e9,US,US,2021-06-14,APPROVED,2021-07-09,BR0011,2021-06-14 17:38:14,2021-06-14 19:20:10
CUST000087,Edward,Reyes,1958-08-25,cb0a5974a34868ed40161aa22486503c942beb9d5f69b4291fe3b4945af46ddd,US,US,2021-04-20,APPROVED,2021-05-22,BR0010,2021-04-20 16:46:22,2021-04-20 12:06:10
CUST000088,Eric,Lewis,1955-01-21,59acd5ad36b37622931663ba88954e5d73c9861d779776981e0071dcef76bbbb,US,US,2020-01-08,PENDING,,BR0003,2020-01-08 21:15:59,2020-01-08 10:40:29
CUST000089,Robert,Rivera,1994-05-18,79e14cd3d433556c73fece19b53cfa8ff00f6fb4f09ab1d8c03bb8adea32ef9d,US,US,2020-11-18,APPROVED,2020-12-23,BR0018,2020-11-18 16:45:43,2020-11-18 16:35:20
CUST000090,Steven,Brown,1965-05-04,31187e25c1e1c426b189e462a97047b2e522222281651c4231267476af0f3a50,IN,IN,2021-01-06,EXPIRED,2021-02-19,BR0011,2021-01-06 09:25:07,2021-01-06 22:20:31
CUST000091,Marissa,Price,1983-01-14,a3ed04aa68a9e6824a68651ac963b20d057bba37932ea8525b0ec908b3fba490,US,US,2023-06-14,APPROVED,2023-07-06,BR0012,2023-06-14 15:38:05,2023-06-14 14:28:29
CUST000092,Kayla,Shah,1977-07-26,63188c6b12d636983b5083f293ecfb8fc4cd0720b61c6548097ba5581ff7cdcd,US,US,2021-07-06,APPROVED,2021-08-16,BR0010,2021-07-06 20:55:33,2021-07-06 15:07:53
CUST000093,Andrew,Gilmore,1991-05-20,bbfcfd77383428b4423a517b9709999af4dd3feb59fbff50a24eb3972bda6451,US,US,2020-09-01,APPROVED,2020-10-23,BR0009,2020-09-01 15:54:57,2020-09-01 12:02:21
CUST000094,Barbara,Woods,1970-10-04,1c44e60cc42e9a1906dda1684767d82caabf2e67631b06c98ef1c2d49563d74d,US,US,2022-09-28,APPROVED,2022-10-11,BR0014,2022-09-28 08:55:50,2022-09-28 08:44:12
CUST000095,Sherri,Evans,1971-07-02,169c89ed5bf50ad5f22a7fef58f4d18e334a78323983739484ff1ba23529d214,MX,US,2023-08-13,APPROVED,2023-10-12,BR0017,2023-08-13 11:51:58,2023-08-13 08:22:50
CUST000096,Peter,Snow,1965-08-14,d04934fffefe55775fc330c7b7b0f579b5a52a4c5718839f6b2770bc5d540851,US,US,2022-09-10,APPROVED,2022-09-29,BR0006,2022-09-10 16:43:04,2022-09-10 16:11:07
CUST000097,Mary,Medina,1989-12-09,74d9e570e510cd535c23bb5af2014bef5cfc1d9b5fcdb72b7076fb788fbb7e06,US,US,2023-11-18,APPROVED,2023-12-31,BR0016,2023-11-18 22:03:06,2023-11-18 22:36:55
CUST000098,Jessica,Marsh,1959-08-20,731ec02d06c23ab60af974771f42947ed4b91424d6be16dfc5dfd0984bec318e,BR,BR,2021-12-31,APPROVED,2022-01-19,BR0003,2021-12-31 21:28:47,2021-12-31 18:59:10
CUST000099,Rachael,Freeman,1985-08-29,3c32e69436087b503aa59cfd6887d2985e29e0d59bdb577318319d71ecf1a930,US,US,2023-04-21,APPROVED,2023-06-13,BR0013,2023-04-21 19:16:57,2023-04-21 16:03:39
CUST000100,Joshua,Tucker,1952-08-08,926697fd2a81d68eedc265e5794a62c9474f814d7417f4c224ee8edb0d1fed0c,US,US,2023-11-14,APPROVED,2023-12-23,BR0008,2023-11-14 06:34:57,2023-11-14 13:53:59
CUST000101,Paul,Caldwell,1980-07-15,7302e9d58fb7528d1024eed27f70b640368ae26b03b712e6629948c387ce6762,US,US,2020-12-02,APPROVED,2020-12-29,BR0010,2020-12-02 11:41:18,2020-12-02 18:17:47
CUST000102,Lauren,Ramsey,1996-03-02,760e094ffce1a086cb831b8871d7ad1a7ec3ed3d0053a59ca982898fd592c23e,US,US,2022-11-25,APPROVED,2023-01-22,BR0019,2022-11-25 17:28:10,2022-11-25 17:52:49
CUST000103,Mary,Calhoun,1993-12-26,ba5ad4cfbad8dab1fd86b82d1f9b5098ac0f9d6400a0208af4c3746bca603813,US,US,2021-11-04,EXPIRED,2021-12-08,BR0019,2021-11-04 07:11:09,2021-11-04 08:28:47
CUST000104,Tina,Ferguson,1991-07-08,053d086a09c590d064bfaa358325f11325cdcd161fb8dfb83693cf781beab699,US,FR,2023-01-09,EXPIRED,2023-03-03,BR0018,2023-01-09 12:40:38,2023-01-09 20:57:05
CUST000105,Rebecca,Vargas,1991-06-17,4b8d3bf2d2da526a7b3e263d83f3ef8c18bb3b5ff549bc4867f690a3461a2a15,US,US,2020-01-31,APPROVED,2020-03-30,BR0009,2020-01-31 12:27:31,2020-01-31 11:33:25
CUST000106,Elizabeth,Miller,1996-12-14,ef68becb0b1dfe502be609b2f1489bef13201a364bf12ef3045a58b7b73d0f70,US,US,2020-08-03,APPROVED,2020-09-13,BR0017,2020-08-03 16:48:27,2020-08-03 09:49:05
CUST000107,Roy,Camacho,1972-01-19,841648d317669bb0a435133f89718128d2282c5f3844066d49b474d0f45963b3,US,US,2023-06-03,APPROVED,2023-08-01,BR0001,2023-06-03 11:53:06,2023-06-03 20:29:36
CUST000108,Hunter,Green,1954-03-20,143916713fe79ea4492f78de87648e93bedb8620d00f90f49c058bc1ad5befb5,US,US,2022-01-29,APPROVED,2022-02-26,BR0008,2022-01-29 17:05:40,2022-01-29 16:47:32
CUST000109,Mark,Gibson,1998-04-23,41383116a2b4844a89ccafb6094f320187f61a4f2d8a410f8232cf8b0664eca4,US,US,2020-02-13,REJECTED,2020-04-03,BR0007,2020-02-13 10:43:25,2020-02-13 06:47:47
CUST000110,Matthew,Hobbs,1960-11-26,edac6a181f068227296b13ff90b7701004cb31f71b327174e45c5b020498a116,US,US,2020-09-07,EXPIRED,2020-09-13,BR0005,2020-09-07 21:19:08,2020-09-07 16:22:07
CUST000111,Joshua,Bean,1971-11-01,5486451a379af0bab28e0d5ceab963160101622a81a58a56b073378a3c08e862,US,US,2022-05-24,APPROVED,2022-06-27,BR0017,2022-05-24 09:02:18,2022-05-24 16:03:56
CUST000112,Robert,Conley,1962-03-03,b9dfc156b0f8dc262e2c007e8a3ddad0845942c828c4620483c4161836cf3c8e,US,US,2021-09-06,APPROVED,2021-09-11,BR0016,2021-09-06 12:24:48,2021-09-06 18:08:58
CUST000113,Thomas,Curry,1989-06-18,b53748a49404cb5bb01a1ac0396b6192f071d7f0d4f844e1655a0d8940e9476b,JP,JP,2020-06-11,APPROVED,2020-07-28,BR0007,2020-06-11 17:15:51,2020-06-11 07:45:00
CUST000114,Brett,Crane,1979-12-15,76cb7112b0e17636c9ca9a0383d96959c6e0d8de3384011198989f7fc08bd8f0,US,US,2023-01-21,APPROVED,2023-03-03,BR0003,2023-01-21 16:55:24,2023-01-21 18:15:37
CUST000115,Jeffrey,Jones,1993-09-21,3ee9072ae3a79205cf3b18b586a738f619fb51a81eb150be7e16c977a3d94883,US,US,2023-03-10,APPROVED,2023-05-06,BR0010,2023-03-10 13:25:43,2023-03-10 07:42:08
CUST000116,Susan,Williams,1995-08-01,c842a611a9ab178e040044ccf446dd71ceceec902d62d0430f58db28a631290c,US,US,2021-05-07,APPROVED,2021-05-09,BR0020,2021-05-07 19:49:41,2021-05-07 18:26:00
CUST000117,Anthony,Wright,1980-10-13,3213c1362267c8dd7dd61359b31b62fc53db2bc715085f23c03c4913d1acea79,US,US,2021-05-26,APPROVED,2021-06-20,BR0003,2021-05-26 19:04:02,2021-05-26 09:39:44
CUST000118,Mary,Howell,1991-06-08,d7ea69e7ef80fc6d8d1bb07daa0774e435fc304e6c9b6819f73df3e5884e7a43,US,US,2021-10-25,EXPIRED,2021-12-20,BR0014,2021-10-25 14:02:23,2021-10-25 09:02:12
CUST000119,John,Wells,2000-04-05,b2e4bbb678d9d59c1771fa12ad2a4e392b6f100a28ab53399144c0d23eff1435,US,US,2023-01-25,APPROVED,2023-02-08,BR0016,2023-01-25 19:13:27,2023-01-25 10:59:54
CUST000120,Danny,Gould,1995-09-04,5d6da0b040ab652a0e2fd439f05970544b5355885e3115262c0c25f722293f61,CA,CA,2020-07-29,APPROVED,2020-08-16,BR0019,2020-07-29 13:37:20,2020-07-29 12:59:01
CUST000121,Steven,Scott,1986-12-10,59554663932ba93ba3f0c4c6674e7a5b6ba8591f019ac616dadc688dc43f97aa,US,US,2023-03-24,APPROVED,2023-04-10,BR0019,2023-03-24 11:11:32,2023-03-24 14:39:32
CUST000122,Miguel,Obrien,1990-10-05,eabaabf44bf79dc058f80d9c5b7bfea0188a7da4f928f9d6f548816bbd1dad77,US,US,2021-07-07,APPROVED,2021-08-22,BR0015,2021-07-07 10:54:31,2021-07-07 09:29:17
CUST000123,Tamara,Higgins,1967-08-20,8d636d6702518be37dba5329ce000222cefc5e3d7b0de3dc479463dd7400f647,US,US,2020-02-14,EXPIRED,2020-03-21,BR0009,2020-02-14 07:12:19,2020-02-14 12:37:32
CUST000124,Kimberly,Martin,1996-11-23,ab0a5375f1fc9f5ae15ff70eab7634607f29478eece55de755402f3e30f1e183,US,US,2020-05-14,APPROVED,2020-06-14,BR0017,2020-05-14 13:46:14,2020-05-14 12:25:18
CUST000125,Larry,Lane,1992-08-09,4b8f13a3c2e6e0553b39f42ee4ddb8070259b8a505d1c3bdfbdaa27f90e96b8e,US,US,2022-07-10,APPROVED,2022-08-25,BR0020,2022-07-10 09:22:12,2022-07-10 22:52:40
CUST000126,Sarah,Johnston,1987-08-09,3e408154af6a541d23c4f3d6bfeac370e5b6badb00a6642b19b322b1b49b1630,US,US,2020-02-18,APPROVED,2020-02-27,BR0002,2020-02-18 14:04:41,2020-02-18 11:55:55
CUST000127,Rebecca,Brooks,1970-11-15,784ace6cd30b688afe0fd19acb0181a8713207925ae6f7db1272e44268ca5785,US,US,2020-06-24,EXPIRED,2020-07-17,BR0001,2020-06-24 14:48:17,2020-06-24 08:01:03
CUST000128,Shelly,Gonzalez,1994-05-21,1abeee4308764731a8e1f826c7e4174c1090abf17e9b5ede01167bbb8e09ed0a,US,US,2023-11-14,EXPIRED,2023-11-28,BR0008,2023-11-14 08:03:39,2023-11-14 21:45:39
CUST000129,Brittany,Rivas,1977-10-09,d7dca1702f624a3008721b68610c8618a2d01b598bfd81126cbb786dc2126373,US,US,2020-07-22,EXPIRED,2020-08-09,BR0019,2020-07-22 21:09:47,2020-07-22 18:16:55
CUST000130,John,Terry,1986-07-03,cda601abe9d22fb3a6a8604b74f45e5ac22cc3bdd8bb3079795e9f0e4fc98b25,US,US,2021-02-24,APPROVED,2021-03-28,BR0006,2021-02-24 15:00:16,2021-02-24 12:11:26
CUST000131,Kevin,Sutton,1958-12-11,1f902225b4416e595f40086f39518514912a4673d56e34018cc29c85605c61a8,US,US,2020-08-09,APPROVED,2020-08-22,BR0014,2020-08-09 09:44:24,2020-08-09 12:03:30
CUST000132,Linda,Hogan,1951-01-29,19bee20ee6cc84c39a4e4d16df09a4b4cb36df4a42f8f5af0f152b05dfccc79d,US,US,2020-11-02,APPROVED,2020-12-14,BR0002,2020-11-02 07:38:21,2020-11-02 13:25:57
CUST000133,Ashlee,Williams,1987-02-25,7aba447516b0041213c09d1aec4958ab9228b3115af44d783ea8d8a786d78dff,US,US,2020-10-05,APPROVED,2020-11-01,BR0001,2020-10-05 16:29:30,2020-10-05 16:01:03
CUST000134,Amanda,Stanley,1958-08-05,9042b89a72ef3514aaa24302c50dc7842efe4a3f927e047f6c0c1445bf11bb85,US,US,2022-10-11,APPROVED,2022-12-02,BR0015,2022-10-11 12:39:29,2022-10-11 08:12:48
CUST000135,Casey,Holland,1953-02-08,09321d8bcb1488e680d0d9ee5548d2067d30d54c52cac0fa1a7a85ba56034d50,US,US,2023-09-03,APPROVED,2023-09-10,BR0019,2023-09-03 07:47:32,2023-09-03 21:56:04
CUST000136,Alexander,Fisher,1984-12-22,5d6b7f4f9e4e0d4de6e8edf3be91dc281c5f51b937bae045b5773a621933f4f4,US,US,2022-10-13,APPROVED,2022-12-04,BR0009,2022-10-13 19:50:07,2022-10-13 21:07:36
CUST000137,Tracy,Hamilton,1964-12-31,24cc7fc31019d54f57dad12972c9103bb74f8028bb770b8f8da5f894464b4333,US,US,2023-01-26,APPROVED,2023-02-25,BR0014,2023-01-26 07:09:52,2023-01-26 13:48:19
CUST000138,Michael,Snow,1976-04-19,c4c6d2fb2ba9d2b1dc7051d6eabce3882b1302d6e503dc6e7e9839da6a572ded,US,US,2020-09-27,APPROVED,2020-11-08,BR0011,2020-09-27 11:13:58,2020-09-27 14:48:05
CUST000139,Steve,Hernandez,1962-09-25,f0b88e938699271912fe98b23a7b2e46c9ce2bad1a413856c4e2a8ef475c4c58,US,US,2023-09-23,PENDING,,BR0006,2023-09-23 18:39:01,2023-09-23 12:43:11
CUST000140,Gregory,Boyd,1987-09-28,2abd6d7a7bfcb252af251bfe23c347a92a330b8b039544efbec3cf59c497f601,US,US,2023-08-07,EXPIRED,2023-08-22,BR0003,2023-08-07 20:38:52,2023-08-07 15:46:35
CUST000141,Debra,Gilbert,1952-02-29,5abec6e9e24dad58b5e4c6227c3cd894631bde90b094a5e0050f9eba2e20ff07,IN,US,2023-10-19,APPROVED,2023-11-26,BR0013,2023-10-19 07:08:06,2023-10-19 09:36:42
CUST000142,Samantha,Hampton,1959-11-28,1bb9e1ea4cb66bc3c30cd02d1e17105c6efb54022273b93f1000ee68acff8893,US,US,2021-10-17,APPROVED,2021-10-28,BR0013,2021-10-17 15:46:38,2021-10-17 19:16:30
CUST000143,Steven,Petersen,1999-11-19,dec07f9a9928ad15d6fcfbc5c70c117fe65c85d9c6ca082ce90cdfac657a7c1c,CN,CN,2022-05-27,APPROVED,2022-06-10,BR0001,2022-05-27 22:33:17,2022-05-27 15:29:16
CUST000144,Brittany,Morris,1952-02-14,f219543f8159043b387fcc8ce1fecd9b5d976a205ac21b6a8b7a2843077c2d54,US,US,2022-11-13,REJECTED,2022-12-26,BR0019,2022-11-13 07:31:18,2022-11-13 10:05:27
CUST000145,John,Michael,1976-12-25,7f6a2da5c304a83fb1df52bfb70137fdc0975d43e8ec29c717182004aa150995,US,US,2020-03-31,APPROVED,2020-05-17,BR0013,2020-03-31 10:53:12,2020-03-31 16:14:17
CUST000146,Joshua,Hayes,1998-06-23,94fe91370b5f40bab2bfa8d7bbba4d626125ab55413093aa103b07c1b5a7a8e7,US,US,2021-07-05,APPROVED,2021-07-08,BR0008,2021-07-05 22:26:20,2021-07-05 14:27:11
CUST000147,Karen,Hudson,1963-04-13,d923c7ec3ae415736b690914285e84aaad4a137e472e9589560c8f72d653b5ed,GB,US,2020-01-21,APPROVED,2020-03-09,BR0001,2020-01-21 17:57:21,2020-01-21 06:56:13
CUST000148,Elizabeth,Rogers,1969-07-17,9f5d4ff60fe35e6183d1d6585679a5ba9cc60e7c890e5127596063c02d11354d,US,US,2020-01-06,APPROVED,2020-02-09,BR0013,2020-01-06 20:15:37,2020-01-06 09:39:00
CUST000149,Troy,Nguyen,1950-04-21,641ee324e1e4942cd1158b97bc71b8d2d6f903f1d07cf755812c55396becd360,US,US,2022-11-24,APPROVED,2022-12-31,BR0004,2022-11-24 18:51:00,2022-11-24 06:37:54
CUST000150,Tony,Kelly,1958-04-14,fa855dfc545090d21b7f0083fc90bea3e764e3566700e0ce21bbfed54b4fdcd3,GB,GB,2022-02-27,EXPIRED,2022-03-15,BR0007,2022-02-27 20:47:53,2022-02-27 20:47:45
CUST000151,Jonathan,Ramirez,1954-01-05,a063504937f9e41a55f31400da044f792af21802d0500d327efc9fe8b14518e5,US,US,2022-03-07,APPROVED,2022-03-29,BR0018,2022-03-07 19:30:16,2022-03-07 18:15:02
CUST000152,Caitlyn,Beard,1954-07-19,4671ed0285f7c3f563088d53f9fc6136fa656d6ad2799844f137bcff54f9b67c,US,US,2020-02-18,EXPIRED,2020-04-02,BR0004,2020-02-18 09:46:53,2020-02-18 13:28:05
CUST000153,Angela,Black,1958-08-16,56e71a8cb83912f9f4ce50e4474faefdea43efbe2aaf80c433908dcf2298f938,US,US,2022-12-08,APPROVED,2023-01-16,BR0009,2022-12-08 16:32:09,2022-12-08 15:09:01
CUST000154,James,Allen,1966-12-19,78fae23b13ff17e635063e055fbd61e14cf355b799cf285a83d4a8672db6f2be,IN,IN,2023-07-27,APPROVED,2023-08-20,BR0009,2023-07-27 19:26:01,2023-07-27 20:20:24
CUST000155,Richard,Peters,1972-06-18,b8b160ec373839dcc7406149e37f8b5f04c1540277d692c6ccc40c54290f2b02,MX,US,2021-08-04,EXPIRED,2021-09-02,BR0002,2021-08-04 10:17:56,2021-08-04 06:51:08
CUST000156,John,Alvarez,1998-05-13,72df1164f77daa4666a72453832216539fad13507708c762ae0a26423d5a8ba8,US,US,2020-07-07,PENDING,,BR0017,2020-07-07 20:38:59,2020-07-07 15:00:09
CUST000157,Jennifer,West,1985-01-31,7128552371b899bdbe5f749892d3a7e5e63e1fa2984380a224b4741d10144e27,US,US,2020-10-16,APPROVED,2020-12-12,BR0011,2020-10-16 10:29:14,2020-10-16 17:40:12
CUST000158,Andre,Phillips,1986-12-04,d923020b533fe3127051f4bdb4468f37c27ad8a6c686977c391944b614ed5d24,US,US,2021-10-01,APPROVED,2021-10-31,BR0003,2021-10-01 11:39:06,2021-10-01 10:35:44
CUST000159,Richard,Sanchez,1979-10-15,e5e0cf771e52a113c7469cc5eec92eb68a4c352c27a362a14991be0db88bcc82,US,US,2020-08-08,EXPIRED,2020-08-13,BR0012,2020-08-08 06:18:42,2020-08-08 18:07:56
CUST000160,Elizabeth,Wood,1952-11-04,18513f1f0c3081d20b2a1a55896c66484d26bc72f158b65493c233f5fddeb6d5,US,US,2020-05-05,APPROVED,2020-05-09,BR0001,2020-05-05 07:05:08,2020-05-05 13:33:09
CUST000161,Angela,Cooper,1991-02-11,c54d1280ea325b12c014a6ce54bab28bfd9e192f855916ebc118918382bb9a4d,US,US,2020-06-27,APPROVED,2020-08-14,BR0019,2020-06-27 19:04:22,2020-06-27 08:08:01
CUST000162,Wendy,Pierce,1973-09-23,9b40fddcfb9b76a8a2ed3e8d3d38ec4f9879dc738909f3f86b61b4d0b2712399,US,US,2022-12-27,PENDING,,BR0011,2022-12-27 13:52:49,2022-12-27 14:19:24
CUST000163,Michael,Chavez,1954-02-16,9957bb5d62545fc0537907ab15932c9072d88e6124669a6edb2f2e4aee4ed5b4,MX,US,2021-09-18,EXPIRED,2021-10-15,BR0013,2021-09-18 06:06:39,2021-09-18 08:21:15
CUST000164,Kristopher,Hall,1950-08-13,e522b509180610a9b7d4ae0a0efe63234d46edd2eb7b4c9b07df1fdd8bc5cad3,IN,GB,2022-01-20,APPROVED,2022-02-21,BR0008,2022-01-20 17:35:26,2022-01-20 08:31:26
CUST000165,Jennifer,Stewart,1997-12-22,0e83989f16dd3cea53683d25cc4c26af75c74f18333eedad7519ecc4f546a8c5,US,US,2020-12-13,APPROVED,2021-01-30,BR0006,2020-12-13 18:28:00,2020-12-13 22:25:54
CUST000166,Julia,Tapia,1987-07-13,8e71929cee37db5123af5485de0d083db2f73d4eae6601522eacb854c3281978,AU,AU,2022-03-05,APPROVED,2022-03-15,BR0003,2022-03-05 20:56:26,2022-03-05 20:32:54
CUST000167,Hannah,Lee,1974-03-09,f7b76e09b30c4dc9547f673300491aa2d973dcf78170b069d5080a4b4896077d,US,US,2023-07-02,APPROVED,2023-07-08,BR0007,2023-07-02 17:00:02,2023-07-02 19:59:06
CUST000168,Joanna,Hill,1995-10-12,0492c5a010a996b38e76b420f49facf8495e2347c263abfeb59ec1fd6e4e18f6,US,US,2021-09-14,APPROVED,2021-10-04,BR0011,2021-09-14 14:51:13,2021-09-14 15:03:19
CUST000169,Brittany,Wolf,1987-08-13,8e16f2f97150e10fde939a94d57b9ff9c03452ac7bc8390225b8eef5be7812bf,GB,US,2022-02-14,EXPIRED,2022-02-20,BR0009,2022-02-14 17:10:22,2022-02-14 14:36:50
CUST000170,Candice,Hooper,1965-06-09,71c7179289e6cbc8b260285b827ce0c953e625b0b1d5b2c30dd2a9f8b3205465,FR,FR,2020-02-06,APPROVED,2020-03-29,BR0004,2020-02-06 09:42:45,2020-02-06 21:49:12
CUST000171,Marissa,Phillips,1999-01-18,4a17b6ef6412c0138410cd85e12744a72ceb5fe780444d356701387a43d3ee8f,US,US,2023-02-02,APPROVED,2023-02-18,BR0008,2023-02-02 15:14:21,2023-02-02 15:32:55
CUST000172,Michael,Turner,1995-02-06,b4d864dcf4d4afd91d2f885297c9e6a229ae166cf34726a37252adca573a44e6,US,US,2021-01-02,PENDING,,BR0018,2021-01-02 06:25:25,2021-01-02 14:55:49
CUST000173,Jean,Martinez,1951-08-23,2a3e6aa2b3976bd90622940ca1b65f94381a75cc72a24f503a245eb0ea4b7614,GB,US,2021-12-13,APPROVED,2021-12-19,BR0007,2021-12-13 14:05:51,2021-12-13 11:15:55
CUST000174,Brandon,Brown,1952-08-18,181b1aa23bedc34f1715be6e0fb51787f885d1196c32afa72f26750b678216e1,US,US,2020-08-31,PENDING,,BR0001,2020-08-31 13:31:09,2020-08-31 09:45:46
CUST000175,Kelly,Raymond,1995-04-30,3e09c723979e9d701095d3de1a72d689b29f33f3040ceb47ae3edf0793607cc3,US,US,2022-02-28,APPROVED,2022-03-04,BR0020,2022-02-28 20:35:52,2022-02-28 07:05:05
CUST000176,Dana,Mullins,1974-10-06,603d3ffa857dc75efb5a1f4f4357a5bf806e07d5263105487aec66f7cbcb8e95,US,US,2020-03-08,APPROVED,2020-05-07,BR0004,2020-03-08 21:47:06,2020-03-08 20:48:41
CUST000177,Curtis,Smith,1999-10-09,38738afaa207e27cd2b16da59f7d7f2cb949fc2366b4905989291c35234dc06f,MX,US,2022-04-30,APPROVED,2022-06-26,BR0017,2022-04-30 14:06:37,2022-04-30 15:54:40
CUST000178,Justin,Mendoza,1991-11-13,da2099a63607439085d53141a5496431c7563af080ec08262261072d11329ecf,US,US,2022-12-09,APPROVED,2022-12-14,BR0008,2022-12-09 16:33:10,2022-12-09 09:01:30
CUST000179,Matthew,Sheppard,1964-12-07,7810a4292b3bb3cb717de47f0c76bc82d2b4d5869fe96bc80349f70776f0e225,MX,CN,2023-02-18,APPROVED,2023-03-24,BR0005,2023-02-18 20:38:48,2023-02-18 07:45:14
CUST000180,Johnny,Hensley,1991-12-25,f87fe3ea5f1cbd205553e40e4dbd987c0c4020477d2b05a600d371f3b52c3889,US,US,2020-08-18,APPROVED,2020-09-23,BR0020,2020-08-18 21:53:09,2020-08-18 10:57:12
CUST000181,Danny,Jones,1984-06-20,71718b419dd75d8aca3949e28276d4c52158b17a2ccc688b8dee08588cf6bb87,US,US,2021-05-30,APPROVED,2021-07-04,BR0008,2021-05-30 07:28:56,2021-05-30 19:35:55
CUST000182,Travis,Ray,1959-07-07,39415f93f05d4d7de607d0bb08b3102d8052ee8de7edf232812e47b635fb2354,US,US,2020-01-16,APPROVED,2020-02-29,BR0012,2020-01-16 20:55:32,2020-01-16 07:00:10
CUST000183,Glenda,Hernandez,1973-01-17,ce71eb38777d8829fb1925181a4e100e7000c3ffdade925e268f343b2cea370e,US,US,2023-10-03,APPROVED,2023-10-12,BR0006,2023-10-03 09:25:37,2023-10-03 07:50:24
CUST000184,Lisa,Avery,1984-04-23,ff254b51f6a232d0643441342beffd1dab6b93aeec12edbe93deceb1b3ac1b18,US,US,2023-02-04,APPROVED,2023-03-19,BR0015,2023-02-04 17:04:27,2023-02-04 09:15:36
CUST000185,Christopher,Wright,1982-09-19,d370ee697e7f3c14ab2e8c2cea4d44ec4c2c83312563b5da1953ae82e3e5ad76,US,US,2023-11-29,REJECTED,2023-12-03,BR0010,2023-11-29 10:24:04,2023-11-29 06:30:59
CUST000186,Angela,Butler,1950-11-13,5f33169fe2319737b459f0e05c3b77b6cb02a4cd69691e05655f488a9207225c,US,US,2021-03-22,APPROVED,2021-05-14,BR0006,2021-03-22 15:54:13,2021-03-22 09:39:34
CUST000187,Caitlin,Montgomery,1969-12-05,aa970f30f51f5b4ae3f971535b8dd3c6ec5bb1030f976cc862fcfcd2ad398679,US,US,2023-03-30,APPROVED,2023-04-18,BR0001,2023-03-30 06:19:58,2023-03-30 09:47:27
CUST000188,Kimberly,James,1956-09-10,e961343adb736f223f4a79749be07aab4fc2c9a988f0dd8dc40929bfbb6f105a,US,US,2020-02-02,APPROVED,2020-02-09,BR0016,2020-02-02 17:48:51,2020-02-02 18:44:18
CUST000189,Rebekah,Evans,1986-04-09,e38b4f626e4ce65ff7e7f75eddadaecd06690ea870da2ea253cdfd76b47d8978,IN,IN,2021-05-17,APPROVED,2021-06-01,BR0003,2021-05-17 06:20:01,2021-05-17 09:56:48
CUST000190,Brianna,Patterson,1974-10-10,cbb040f687c5a566852e7ba4843970a5e65430b97297dacee88206897ec5ab34,US,US,2022-10-19,APPROVED,2022-10-29,BR0004,2022-10-19 16:30:15,2022-10-19 16:20:47
CUST000191,Ashley,Brown,1959-12-22,f63f8b14c0e6fdce907797a7de8fbc2568bcccc64419e19ff2699c1edf6c5519,MX,US,2020-10-08,APPROVED,2020-10-30,BR0008,2020-10-08 17:48:36,2020-10-08 21:32:06
CUST000192,Susan,Garcia,1980-08-16,e6d9399ec0adb73515c7c2d587d41e4d23f9346318a243825b04e426554d8548,US,US,2022-01-12,APPROVED,2022-02-22,BR0006,2022-01-12 13:46:24,2022-01-12 06:09:18
CUST000193,Kathryn,Garrett,1976-04-05,0c1c371b734def9b03e0814e897ceacc073dc05f13ca1c7c08724239fa10073d,US,US,2022-06-11,REJECTED,2022-07-09,BR0005,2022-06-11 07:22:04,2022-06-11 20:06:01
CUST000194,Joseph,Miller,1991-05-01,0e21b6fef1eaad350e7968207fd7999c073e7535eab48b0048e9fa5d032a87f0,US,US,2021-02-21,APPROVED,2021-03-17,BR0018,2021-02-21 13:30:42,2021-02-21 07:13:06
CUST000195,John,Arnold,1993-08-30,899266c3f32a1554e05e323ada0897fac4a3bec9c28faef4d62bdcead421873e,US,US,2021-10-14,APPROVED,2021-12-03,BR0003,2021-10-14 15:32:54,2021-10-14 16:45:29
CUST000196,Eric,Ortiz,1966-03-31,76fca98bf4f60fa0685b5c2a02212abe90731cf53d8bb748c6c5d07884c6eb39,US,US,2022-02-25,APPROVED,2022-03-19,BR0013,2022-02-25 10:57:28,2022-02-25 11:35:33
CUST000197,Hannah,Harrison,1976-12-08,5a4046bd2a0dca487f3dc1a15feae138ac18a2b64b7ac93751af2e269f791f99,US,US,2020-04-04,APPROVED,2020-04-13,BR0007,2020-04-04 10:30:04,2020-04-04 12:21:13
CUST000198,Antonio,Roberts,1999-03-17,070324013e5a2481d00a8444d9c21aeb27db0da7996d65e1ed891484f8c5f43f,US,US,2022-04-02,APPROVED,2022-04-25,BR0017,2022-04-02 19:46:32,2022-04-02 21:38:03
CUST000199,Justin,Heath,1986-06-19,e501d1088d74dccff4e16d6e023b2621a9feeb7d279e7eddeb1c948224f7cb61,US,US,2023-10-08,PENDING,,BR0019,2023-10-08 13:11:03,2023-10-08 16:49:23
CUST000200,Charles,Hall,1971-02-10,44f8aa8203b5a630e773e33e970fdcf6c21bfde869802375992e4f846d52f38e,US,US,2021-06-16,APPROVED,2021-07-30,BR0016,2021-06-16 12:36:26,2021-06-16 08:57:20
CUST000201,Joseph,Moody,1990-04-26,952bda1ddd55d6e7403a7f198209d0ffa16de69cf943226308be60e9a61cbb94,US,US,2022-05-29,APPROVED,2022-07-12,BR0015,2022-05-29 07:47:30,2022-05-29 22:38:56
CUST000202,Brittany,Lara,1991-07-28,373e436b7585165c1fe84b07451f4bba52447a289a8e7e6788895e32743134ab,US,US,2022-10-21,PENDING,,BR0019,2022-10-21 06:15:53,2022-10-21 22:16:09
CUST000203,James,Wilson,1966-03-26,90d58d18b11b8336e273db71ccfb264d09305b5548653a7dbea81c358f494514,US,US,2022-09-04,APPROVED,2022-09-13,BR0002,2022-09-04 11:11:41,2022-09-04 10:30:06
CUST000204,Jeffrey,Hernandez,1959-07-20,ee73f25a4217b2bdb7edfd220f7fa3f54a7d173566a38534a9c2e61729aafaf8,US,US,2020-06-03,APPROVED,2020-07-05,BR0016,2020-06-03 09:27:10,2020-06-03 07:49:18
CUST000205,Joseph,Thomas,1964-02-21,4da3edf539c22073c2b1bb67bcc6cb00649a45eb8b3d9803bfcccfe63bcf46ed,US,US,2023-06-18,APPROVED,2023-07-06,BR0019,2023-06-18 13:02:23,2023-06-18 11:06:53
CUST000206,Brian,Sparks,1988-02-11,747e98561c94418165aa2033abff5701f59c055f699a0c137609104ebf6ab155,US,US,2023-03-31,APPROVED,2023-05-22,BR0006,2023-03-31 19:36:50,2023-03-31 06:06:56
CUST000207,Brooke,Holloway,1973-11-16,3bd70876886c9acef260c34fb9013d937b297906cefd93a9459b26525cf02fe2,US,US,2021-01-13,PENDING,,BR0014,2021-01-13 06:55:04,2021-01-13 20:29:56
CUST000208,Samantha,Gonzales,1951-09-26,55ef44d105f4da7f69825f1ad8495b55bc0d180f44a163936c5a61bfea534a6e,MX,US,2021-03-19,APPROVED,2021-05-15,BR0001,2021-03-19 07:18:37,2021-03-19 12:13:11
CUST000209,Taylor,Torres,1987-01-28,ff9d474f38eb8229370b093a08afca0711c0a7d389d9450e6d1955c212e6e732,MX,US,2022-07-29,APPROVED,2022-09-04,BR0006,2022-07-29 14:50:28,2022-07-29 19:15:58
CUST000210,Richard,Nelson,1999-10-24,3e9885f6f92d7af1567af2da06d0913ab44b6da9d2af9548eaa1484d9274723c,US,US,2020-01-12,APPROVED,2020-02-29,BR0002,2020-01-12 11:56:22,2020-01-12 16:06:44
CUST000211,Amber,Kim,1969-08-24,8299c27f0066ee865eb2c48ed6674a1bc859d843a9320a649c7c12a141624f7b,US,US,2023-05-24,APPROVED,2023-06-04,BR0018,2023-05-24 08:10:57,2023-05-24 09:52:24
CUST000212,Carly,Preston,1969-12-08,4c28b652ed5984e7eedaadcd09ba3cd19f5365e213822ed02f73d361f9062485,US,US,2021-12-14,EXPIRED,2022-02-02,BR0005,2021-12-14 19:45:26,2021-12-14 20:25:41
CUST000213,Jessica,Munoz,1979-09-16,e9a1717f0408ef391f9bbb1858a99c59984f3708bec18c693acdcf59aa13c7d0,US,US,2020-12-18,APPROVED,2021-01-07,BR0009,2020-12-18 17:01:28,2020-12-18 06:32:54
CUST000214,Anthony,Perez,1998-12-30,e0d5e78f52f64803710134bd4ec7ce190a28497400374d65a0d140dd8fe5e45c,US,US,2022-06-10,APPROVED,2022-07-12,BR0006,2022-06-10 07:34:00,2022-06-10 09:36:53
CUST000215,Emily,Valencia,1965-05-30,9db9842d5ae1a0d81b0b8ca461612201a3f4d4bd4ace56a24aca2e9cdd7e72b2,US,US,2023-05-04,APPROVED,2023-05-09,BR0020,2023-05-04 07:17:16,2023-05-04 07:37:14
CUST000216,Brenda,Smith,1965-07-21,fff9d759fe93b7660fc5034282920969e92837a9d3525613b1cd8c6c98701d35,US,US,2020-11-18,APPROVED,2020-11-30,BR0012,2020-11-18 08:02:09,2020-11-18 17:57:41
CUST000217,Kathy,Underwood,1979-09-24,fda634aeff59160c77349ba9aba3884c275a9d1b0431e18d67cb9b81238e9393,US,US,2021-12-06,APPROVED,2022-01-22,BR0011,2021-12-06 07:14:54,2021-12-06 18:37:32
CUST000218,Barbara,Hines,1999-09-27,924aa44889f8c42a3ecf5317876ee040d4a59d7f3db65fb2493c70b2345d1b87,JP,JP,2023-02-22,APPROVED,2023-04-03,BR0006,2023-02-22 15:54:15,2023-02-22 18:58:10
CUST000219,Gregory,Stone,1988-04-14,62f17caeb22150c290a27399c4fbe66efc051a12aa75f57aeadba3ca23749798,US,US,2020-09-28,APPROVED,2020-11-04,BR0004,2020-09-28 10:53:50,2020-09-28 14:48:17
CUST000220,Scott,Ramirez,1958-02-12,c32cafcdf6be404c889b05d5f153133043f89b0b0a655b5b0ad1b9139e08504f,US,US,2020-11-28,EXPIRED,2020-12-20,BR0011,2020-11-28 10:03:07,2020-11-28 10:15:31
CUST000221,Wendy,Graham,1986-01-07,f3c9b016512a37958642c5f91e6bbdda7d4d776e9b53a03cdefc28f55104e3ef,US,US,2021-02-10,APPROVED,2021-03-20,BR0003,2021-02-10 06:24:11,2021-02-10 14:41:05
CUST000222,Lisa,Costa,2000-10-23,05bfa38d7c29af458bed4756c306730dd45d1541642cf53a4a7988340928e6eb,US,US,2021-02-21,APPROVED,2021-04-13,BR0006,2021-02-21 18:28:04,2021-02-21 13:06:30
CUST000223,Theodore,Ortiz,1983-05-30,d6205b9fcb52856d24966d82eaf9d3547629b728773336308b39636424769dee,US,US,2021-04-21,PENDING,,BR0011,2021-04-21 10:42:54,2021-04-21 22:40:58
CUST000224,Manuel,Garcia,1985-10-06,9cbe143b7c11c85a4e3937768fc657b93abe73922baed2a63d3192538fdfbe5d,GB,US,2021-05-31,APPROVED,2021-07-15,BR0004,2021-05-31 20:51:49,2021-05-31 13:01:00
CUST000225,Eugene,Jenkins,1964-03-16,eb288de5b78cbcd56134e0857692124d6cf7f9b3983b0213d923b2de619e45c7,IN,US,2023-09-14,PENDING,,BR0002,2023-09-14 12:10:45,2023-09-14 09:04:22
CUST000226,Tyler,Bates,1970-08-29,5273cb34a8763a3eee63591e5dc33df99660608995a0ad12f494c715e9b6f1ec,US,US,2021-11-11,APPROVED,2021-11-29,BR0019,2021-11-11 09:19:15,2021-11-11 07:33:54
CUST000227,Richard,Hodges,1989-08-14,d5ed8092c5ffd42f07bd45ef0eebc540b3e504a55a88ec43ff80fa05eed0ff8c,US,US,2022-09-21,EXPIRED,2022-10-08,BR0012,2022-09-21 14:55:08,2022-09-21 10:05:32
CUST000228,Benjamin,Miller,1998-12-01,6b8c78e997dfc655207a6daabe43e932ccac2d406a89a34226b8e3844d397dd0,US,US,2021-04-29,PENDING,,BR0004,2021-04-29 11:47:59,2021-04-29 06:19:49
CUST000229,Johnny,Wilson,1998-09-10,76830fa52deefc70cad545ee2e1213ddf3d4baeeb1800c79c7f5cdac14c9ca31,US,US,2022-09-17,APPROVED,2022-10-28,BR0007,2022-09-17 13:48:10,2022-09-17 19:22:06
CUST000230,Kendra,Hancock,1982-02-11,d84a4f76e1516e317971bc9577647b69ea667dc178e1f13abf5c48c0d1a21815,US,US,2023-06-19,APPROVED,2023-08-04,BR0014,2023-06-19 14:03:56,2023-06-19 22:21:40
CUST000231,Mallory,Smith,1995-03-03,ec14605f0c6502d84b392a64fb2beb7c37cadad371be53b319ac88f7fa5fa260,US,US,2022-01-06,PENDING,,BR0011,2022-01-06 19:45:50,2022-01-06 21:08:25
CUST000232,Molly,Murray,1965-06-03,32d2e6e390a4b3d6b72a433571119d4e2727eb9e0f54dc544e08cb19029b7bba,US,US,2020-02-07,PENDING,,BR0012,2020-02-07 15:59:13,2020-02-07 16:47:23
CUST000233,Brian,Stone,1957-03-11,06ee0e31f7b29dd5501823bd55ce44764ccf2cf9826a6ff7a6d19ace8b4d40af,US,US,2023-04-15,APPROVED,2023-04-27,BR0004,2023-04-15 11:22:46,2023-04-15 18:10:48
CUST000234,Cindy,Jimenez,1976-11-26,57183138540920f2e208dea66da5d767a03b0e6090d0e0f5c39cc7f55d37ca3a,US,US,2022-07-05,APPROVED,2022-08-12,BR0001,2022-07-05 08:54:10,2022-07-05 11:15:59
CUST000235,Scott,Williams,1974-07-16,17fa8f3d8f0fe71fb83c5ae9d11f5bc0937a77e6e3d320341ece1a4816fac51f,US,US,2020-06-28,APPROVED,2020-08-06,BR0013,2020-06-28 11:53:44,2020-06-28 20:02:08
CUST000236,Joseph,Anderson,1986-10-10,2ce45f125dd9debae8bbfa2c9b934a77625b4600a33a53874478f434894f907e,IN,US,2022-03-28,APPROVED,2022-05-20,BR0014,2022-03-28 12:11:04,2022-03-28 21:53:18
CUST000237,Keith,Gilmore,1953-07-13,f8805c9a0ba3cdcc5618049e8484a05d9b5da58d38a229fb0bfd463ab6c0cd22,US,US,2020-02-09,PENDING,,BR0008,2020-02-09 17:48:12,2020-02-09 11:08:10
CUST000238,Todd,Johnson,1976-09-21,225eec6f882f2f579828b1fe05d14f04a2ce4ab582bbdd1c1ecf6e48c2159446,GB,US,2022-08-08,APPROVED,2022-09-02,BR0014,2022-08-08 06:59:33,2022-08-08 10:29:31
CUST000239,Crystal,Lloyd,1953-05-06,f60b39272ed99a12a1014a28ca6d69c6f8ff2bcee93abf89df3e816df86a53f1,US,US,2021-10-19,APPROVED,2021-12-18,BR0016,2021-10-19 19:55:08,2021-10-19 18:18:13
CUST000240,Jennifer,Collins,1997-03-01,31357a7f4fe8fe4a0edfa578cd7694cfab65bf34c9cd64e0741878e2e7301d36,US,US,2021-12-26,APPROVED,2022-01-10,BR0009,2021-12-26 19:05:28,2021-12-26 19:42:09
CUST000241,Alexander,Russell,1970-01-01,435364a6fafd5068b7fd740656bdaf64afb4d014b18c83da58a3964d248aa525,GB,US,2023-10-11,APPROVED,2023-12-01,BR0020,2023-10-11 14:18:45,2023-10-11 08:27:19
CUST000242,Jeffrey,Skinner,1962-04-24,61cce659424c765243a9b76722aa44438182edf3c9f3922465ae251a80fc42d5,US,US,2021-02-14,PENDING,,BR0007,2021-02-14 20:11:29,2021-02-14 21:42:57
CUST000243,Daniel,Valentine,1984-11-03,e15e8222e7def8842eb3eb061ef783b1dead5948da963ec938c6da542223068c,US,US,2022-12-08,APPROVED,2023-01-05,BR0009,2022-12-08 15:11:39,2022-12-08 07:52:17
CUST000244,Deborah,Moore,1988-06-13,d0782b3bb00824258c12dc4c7b86fce39d13b85d887cb123d6a7f34092ffceba,US,US,2020-05-23,APPROVED,2020-06-25,BR0003,2020-05-23 21:39:39,2020-05-23 12:11:19
CUST000245,Sarah,Carter,1966-05-25,673bd86a6e4ed03ec340798bcf6b9058649a211d6633bfc4fa930584137d8946,US,US,2020-03-26,APPROVED,2020-04-24,BR0003,2020-03-26 21:10:14,2020-03-26 14:22:27
CUST000246,Janice,Perry,1980-01-29,6245351eb05acc68b6fc4482f217acc9d50a58d95971dc9a61c3c6d9ce0e4e01,US,US,2021-02-07,APPROVED,2021-03-08,BR0012,2021-02-07 15:49:34,2021-02-07 17:47:14
CUST000247,Timothy,Kennedy,1983-12-16,2fee3f32b15df89c3bf910364424108ee09e48ca89c0024dad4c697b7be4ce77,US,US,2020-10-08,APPROVED,2020-10-26,BR0007,2020-10-08 22:27:46,2020-10-08 14:04:41
CUST000248,Stephen,Thomas,1951-02-01,1acf5f4e908ded6a934080d3795b69fcab85064691080ccbbebaca65d64b9995,US,US,2020-01-08,EXPIRED,2020-03-04,BR0016,2020-01-08 14:11:05,2020-01-08 18:46:17
CUST000249,James,Greene,1971-01-13,9c33d11ca61564f08248ecc5c2d36b5f4adbaece201db4e0401afcec87d6eed1,US,US,2021-10-20,REJECTED,2021-12-13,BR0016,2021-10-20 08:16:43,2021-10-20 19:03:19
CUST000250,Julie,Taylor,1993-11-05,52f01fe45f8c41405f2df46d67c23def86b74f749d5fe5f32910d9081772262b,US,US,2023-08-20,EXPIRED,2023-09-08,BR0017,2023-08-20 14:17:13,2023-08-20 20:03:25
CUST000251,Chad,Barton,1983-08-29,a0d79f4abcbb083ec9f18cc8e6bdff53391afbfcb8ef90804cfdb898f02b09fd,US,US,2020-06-18,APPROVED,2020-08-12,BR0014,2020-06-18 20:08:43,2020-06-18 18:48:14
CUST000252,Melissa,Morgan,1986-04-04,e52457c19f44cf633f769c6949a2f32c5415aa2dd0c09d74e4c3ff004dc278a5,US,US,2023-02-08,APPROVED,2023-04-06,BR0012,2023-02-08 22:47:38,2023-02-08 07:03:09
CUST000253,Kristin,Adams,1990-08-16,929e4ae9eaca79b0fbb7b3d1e119dbf462fc25c102c520f51c5951c147676841,US,US,2022-09-01,PENDING,,BR0010,2022-09-01 16:02:44,2022-09-01 20:41:53
CUST000254,Aaron,Barber,2000-06-05,f4265bb0e9fa9154e6d6f6d011c84207d4e9fe9de6516daf819dfdf23d19e624,IN,US,2022-02-28,APPROVED,2022-03-27,BR0011,2022-02-28 07:14:45,2022-02-28 13:28:17
CUST000255,Mary,Carpenter,1988-02-11,640bee8b4c77ef78157085eb310fb637bcae304096740e55c4ef06724b5520e4,US,US,2023-04-28,APPROVED,2023-05-24,BR0007,2023-04-28 06:52:25,2023-04-28 21:44:50
CUST000256,Donna,Grimes,1960-10-15,15cd434f9edfe6c48595ce63f26782f99dd0c43b28b7ed9ae309d2ebd811f94d,US,US,2023-01-28,APPROVED,2023-02-24,BR0003,2023-01-28 06:49:32,2023-01-28 20:32:41
CUST000257,Sean,Washington,1995-06-29,d3e011d37d908315a174e0b4eed6fff915d6b110ebde561fa0f2df0dff859c7c,US,US,2022-06-02,APPROVED,2022-06-24,BR0013,2022-06-02 21:48:13,2022-06-02 19:13:19
CUST000258,Martin,Hines,1965-03-06,69783027aa75135303afbe33dd35674d2afcf9fea810ee7c5d8236cb4b79ee2f,JP,JP,2023-11-28,APPROVED,2024-01-22,BR0001,2023-11-28 16:51:40,2023-11-28 16:54:01
CUST000259,Nicholas,Cantu,1977-02-26,7858cee84f5de5fcb7910ff7fb47e97887b889b076677e5b22ffbae84336f6c9,US,US,2023-03-16,APPROVED,2023-04-30,BR0018,2023-03-16 19:48:44,2023-03-16 08:34:55
CUST000260,Molly,Pollard,1986-01-07,8eefd7e5ce50d07bc6eeea04132366b123ae3cc775cab6a784af167f4175508c,US,US,2023-10-31,PENDING,,BR0002,2023-10-31 08:25:48,2023-10-31 11:36:59
CUST000261,John,Reyes,1951-05-01,23baa3a2965de7aa1f3f5ab2c8b67e6a3622d262ddfe0f1f6ec025b93a4fd1d2,US,US,2022-08-30,APPROVED,2022-10-19,BR0019,2022-08-30 11:31:07,2022-08-30 10:26:44
CUST000262,Melissa,Jenkins,1978-12-19,d6945d56ba26fc900a5a8d022d779ed2315939e2ac52d388bd76a4ac027586ac,US,US,2021-02-22,REJECTED,2021-03-24,BR0014,2021-02-22 15:39:16,2021-02-22 11:25:37
CUST000263,Louis,Kennedy,1976-03-11,4d5964658ea8e686a2a49350797386ad34b77a7890c05d13a51e39dea1c889af,US,US,2020-11-20,APPROVED,2020-12-28,BR0003,2020-11-20 13:20:19,2020-11-20 06:07:18
CUST000264,Robin,James,1982-03-10,623188105e4b523ec509d158a5c108b0c5f4a0080d0b900a7c7e8539f9377466,US,US,2023-03-05,EXPIRED,2023-03-30,BR0020,2023-03-05 16:52:34,2023-03-05 20:12:00
CUST000265,Vanessa,Sparks,1983-01-02,fcf397b9cafafe5631d302a6f74db9e13186332bc23646f51e893e43e5373d94,US,US,2021-06-14,EXPIRED,2021-07-02,BR0009,2021-06-14 13:51:03,2021-06-14 10:50:55
CUST000266,Denise,Hernandez,1956-10-04,706d3ab7ae70fa605efec1203eabc46088693342595fef5ab70852c7b27aa977,US,US,2022-08-13,PENDING,,BR0013,2022-08-13 18:41:17,2022-08-13 13:43:07
CUST000267,Tammie,Martinez,1980-11-02,60bf2c7552b3ef24c016572d19d929d579cb862ce6b7f7db7dc67891b92d96b1,US,US,2023-08-15,APPROVED,2023-08-22,BR0019,2023-08-15 10:57:54,2023-08-15 22:05:21
CUST000268,Tammy,Rivera,1950-02-18,857a8300999c4c8e2b86606a0feecc5d8d5aa462d73809540c7d1647fc08dec3,US,US,2021-02-14,APPROVED,2021-02-18,BR0010,2021-02-14 07:28:56,2021-02-14 07:13:01
CUST000269,Craig,Kirk,1996-01-15,12326cb3ab4a7265204579d01b42b946b44a466690385ceaec18500f1558c4b3,US,US,2023-07-13,APPROVED,2023-09-09,BR0006,2023-07-13 18:09:33,2023-07-13 11:38:26
CUST000270,Cory,Lozano,1999-05-15,68fd6be57f1f689ac122708c08cf5dae92c8a434b2312da71aff777a2c9f80f7,US,US,2020-12-23,EXPIRED,2021-02-15,BR0001,2020-12-23 20:09:33,2020-12-23 22:42:37
CUST000271,Alexis,Thomas,1980-05-27,3369ef15a2a1e9043d7b92000a4eac3ff722581640b31a51540ccccf38f6b676,MX,MX,2023-03-04,APPROVED,2023-04-14,BR0014,2023-03-04 06:27:59,2023-03-04 09:46:38
CUST000272,Monica,Booker,1984-07-12,54628bd2646ee9894907cfd8d3f075cfa5af6b3da724220e938cf7cb71e16f8a,US,US,2020-08-14,APPROVED,2020-08-23,BR0017,2020-08-14 10:53:01,2020-08-14 13:39:07
CUST000273,Charles,Harrington,1990-12-08,fef70310d5caf898ab5507f6ff6d5bfd6d439ac84669c07798539fcc6982cb5b,MX,US,2020-04-27,EXPIRED,2020-05-10,BR0009,2020-04-27 12:20:51,2020-04-27 18:40:41
CUST000274,Joseph,Hanson,1966-07-01,207bea9576c40d98a050d16152154fdccc20b2b05b481dc195d35d7de36d7896,MX,US,2023-08-08,APPROVED,2023-10-05,BR0001,2023-08-08 15:51:42,2023-08-08 10:19:10
CUST000275,Raymond,Miller,1983-07-20,1a8aa7e8a818fb55daaa67d9e24357408fcc464075bd25d7d31de463a928f3d8,US,US,2021-03-17,APPROVED,2021-03-23,BR0012,2021-03-17 13:00:11,2021-03-17 14:36:28
CUST000276,Mark,Craig,1986-05-05,162c1c7880eb91be987f2961cc0ef2fbfc619244640a4bf5310cb5f3f8f94007,US,US,2020-05-01,APPROVED,2020-06-19,BR0010,2020-05-01 13:24:20,2020-05-01 10:54:48
CUST000277,Amanda,Finley,1977-08-30,5f9e2292c5a51a23d06569a33500bdad9bf563ed50eb9f9042749faa1490471c,US,US,2020-03-28,APPROVED,2020-05-16,BR0003,2020-03-28 20:50:23,2020-03-28 14:43:01
CUST000278,Courtney,Clay,1971-10-22,008232ad41d2c4ccfe6f2eeb5813f179bd7a22483a5325823269e6a166327293,US,US,2022-03-31,PENDING,,BR0004,2022-03-31 17:55:45,2022-03-31 20:31:15
CUST000279,Tony,Weaver,1996-06-14,354187ffdfe8e748d1c8357e85a4cef79201f634044e4d85cc3dc05cce64ece9,US,US,2022-01-27,APPROVED,2022-02-09,BR0002,2022-01-27 18:25:51,2022-01-27 20:38:49
CUST000280,Christina,Young,1997-06-15,f55c93b027d6cb96acce18cf0d4a819a7091a094dfe656594149a566908b2920,US,US,2022-04-16,APPROVED,2022-05-10,BR0006,2022-04-16 10:47:03,2022-04-16 14:11:38
CUST000281,Gabrielle,Mitchell,1997-01-18,4e7af7a6844d31a3f69e00fcdf924777efd3677e4eb252400eddd828e61572bf,GB,US,2022-03-04,APPROVED,2022-03-05,BR0003,2022-03-04 20:59:36,2022-03-04 19:11:12
CUST000282,Jeremy,Davis,1980-12-05,6893cfe52be1922aca53a1a850411557b3a76ebf8cb00f4db24747fe3d711a30,GB,US,2022-02-12,EXPIRED,2022-03-22,BR0008,2022-02-12 12:20:48,2022-02-12 21:55:25
CUST000283,Tiffany,Hodges,1999-11-18,ab486490d7cf2da0c32e9e64c23042ce2accbf269822908b4f9131bdbc257e16,US,US,2022-11-21,APPROVED,2022-12-03,BR0010,2022-11-21 09:15:16,2022-11-21 22:11:03
CUST000284,Jane,Garcia,1996-12-11,9d2ef42b28295a62ddf89e4501898e1a55d2b64d0a6f4e711b5f4fda71fa6ebb,US,US,2021-05-31,EXPIRED,2021-06-13,BR0020,2021-05-31 08:09:08,2021-05-31 18:00:01
CUST000285,Garrett,Evans,1950-05-25,979289719bf52e16d86247b92ae22fc9629bc9d7ec34d91b85e599c1926b0cba,US,US,2020-05-17,APPROVED,2020-06-29,BR0005,2020-05-17 08:50:19,2020-05-17 13:54:02
CUST000286,Anthony,Nguyen,1975-07-03,a4e3ce0fb3d94e1f0701ec40db4b74229d6ce02935ce6163fc5379e7645b84dd,US,US,2023-03-02,APPROVED,2023-03-04,BR0011,2023-03-02 10:57:40,2023-03-02 21:08:02
CUST000287,Brian,Howard,1998-06-17,3e719c372f617d1de09979930fb0f7628819a71a958ec2c627596bb54d61463d,US,US,2022-06-10,EXPIRED,2022-07-05,BR0010,2022-06-10 06:21:39,2022-06-10 10:03:33
CUST000288,Ryan,Sanchez,1966-05-22,6e15a27c40ad86ef1398fddb4f1303a901cb535099c07df0fb3628ecc0f01073,US,US,2021-04-24,APPROVED,2021-06-23,BR0020,2021-04-24 09:39:16,2021-04-24 18:08:58
CUST000289,Robert,Maldonado,2000-12-28,9e5c00609bbd39357b61a5a91858564300bd0552c783b54af751a5fd88a914e4,IN,DE,2023-01-22,APPROVED,2023-02-17,BR0003,2023-01-22 21:42:23,2023-01-22 13:40:59
CUST000290,Hector,Thompson,1950-04-02,a8318ace505e050f2b19d6f70ff7eb93d5819873c8b507a0ce7492958e198f5f,US,US,2022-07-08,EXPIRED,2022-09-06,BR0016,2022-07-08 10:48:48,2022-07-08 15:54:54
CUST000291,Chelsea,Reyes,1950-08-09,d0f33d236984d72edfe94299c746e370709db5255b1c61649a92b8b26de5d82e,US,US,2021-09-27,APPROVED,2021-10-05,BR0008,2021-09-27 08:42:12,2021-09-27 21:42:39
CUST000292,Felicia,Jimenez,1978-04-30,da4d45b8584dbdc44f7500c4b1ff2e0dd7f83841ba304ed759c7d48312579b78,US,US,2022-04-09,APPROVED,2022-05-11,BR0003,2022-04-09 21:22:03,2022-04-09 13:26:05
CUST000293,Brandy,Hall,1966-02-02,84179dc8e5d96d7ca606e640e37286289e5a8a75c345bd0e817468610a051437,JP,JP,2020-04-03,APPROVED,2020-05-13,BR0019,2020-04-03 12:33:30,2020-04-03 12:13:29
CUST000294,Dana,Stevens,1953-08-14,295bf0cc361e5bc223211dace6aeb5eb48fd80adfa84b7ed4710f08f7782b048,US,US,2021-01-24,APPROVED,2021-03-20,BR0010,2021-01-24 06:49:17,2021-01-24 21:27:01
CUST000295,Elizabeth,Nolan,1989-10-29,b748cf2f4b6191c23af0abb4148f642ea371f445ad1b25ba0c5d8aaa63e9c44a,US,US,2022-12-31,APPROVED,2023-01-21,BR0014,2022-12-31 16:04:49,2022-12-31 08:50:30
CUST000296,Steven,Roberts,1953-01-22,7fc41df9360c2699710432a3e035a25e620f5d7678249d44a0b4e51f3741d097,US,US,2023-11-11,EXPIRED,2023-12-26,BR0018,2023-11-11 17:05:17,2023-11-11 17:24:12
CUST000297,Amy,Jones,1972-12-12,150c4bf7d3c56753fd2d61b491ffe4d4fa43737a297b8029bea5f7f9a6196e3e,US,US,2020-03-17,EXPIRED,2020-04-09,BR0012,2020-03-17 08:46:47,2020-03-17 09:20:57
CUST000298,Sierra,Huerta,1990-07-17,2b475d2724889b1e537ce11aae6b2fbbb7ff32232670ed58717e1e9b4f4dc55d,US,US,2021-06-18,APPROVED,2021-07-12,BR0013,2021-06-18 07:41:31,2021-06-18 21:00:03
CUST000299,Kevin,Hayden,1975-07-29,9a62d1ed72aa4d39bb63f7038fffe58b0eb175e9cac68adc59404462cfd073ca,US,US,2020-01-25,EXPIRED,2020-03-11,BR0004,2020-01-25 14:01:48,2020-01-25 13:38:59
CUST000300,Hannah,Bryant,1998-12-24,8623040d1638b56c34a53f803b58ad4d5c8b0bbfbceaa8d8f2ec2e2b64db11df,US,US,2020-11-03,APPROVED,2020-11-05,BR0013,2020-11-03 11:49:47,2020-11-03 07:15:32
CUST000301,Kevin,Kidd,1983-05-09,418fd6b439a6f5e3a40a6b2e2a3812ee9f6449739e089b4fbaa6cfc0b06d3f70,US,US,2023-01-20,EXPIRED,2023-02-07,BR0015,2023-01-20 06:09:25,2023-01-20 16:10:38
CUST000302,Melissa,Rodriguez,1980-04-26,0cb301c56664f342f5a2813d374a475e21c25114198c543da29ccb9bfcb1841a,US,US,2020-07-05,APPROVED,2020-08-20,BR0008,2020-07-05 16:46:26,2020-07-05 10:12:03
CUST000303,Patrick,Howard,1967-01-13,5a29fa298da913127f7d53c1b4dd60c64b1c42cdddaa24ae8ab7c340e038cd2e,US,US,2023-05-24,APPROVED,2023-05-26,BR0014,2023-05-24 21:02:32,2023-05-24 21:02:38
CUST000304,Kenneth,Lyons,1965-02-02,955c73229180571a65015c9756118843a081d178b1b0876dabdfceaf959b6d50,US,US,2020-03-26,PENDING,,BR0010,2020-03-26 13:05:05,2020-03-26 12:43:54
CUST000305,Andrew,Greer,1963-01-12,a1228b66e1e2d535177a3f90edb840cc8d68a964f259323a3d70cf99a8796cec,US,US,2022-03-10,APPROVED,2022-04-14,BR0018,2022-03-10 07:21:10,2022-03-10 18:15:11
CUST000306,Randy,Smith,1960-09-14,a932dbda0f70d583e410fc6b42824e6e6e1bd3af99767e53a5e30ba8e8e555bf,DE,DE,2020-08-17,EXPIRED,2020-09-05,BR0005,2020-08-17 06:20:14,2020-08-17 21:43:00
CUST000307,Michelle,Osborne,1992-09-16,8a2a3eb629ecec06a87d2b6629b6cd5a052badf94c04c67d2e63e6d25946cb24,US,US,2022-09-05,APPROVED,2022-09-24,BR0018,2022-09-05 10:58:40,2022-09-05 12:05:28
CUST000308,Teresa,Lozano,1955-09-13,5ed330a44d49931e57dde96151d27c5e3ddc5170a7e0ea87519ec6fdaac1d163,US,US,2021-08-16,APPROVED,2021-09-22,BR0014,2021-08-16 21:51:24,2021-08-16 19:08:55
CUST000309,Julie,Wall,1986-07-22,de0483f1424e24c453efc43cf388a2291959c9defe45c41ad3d602daff63cdb4,US,US,2021-01-04,APPROVED,2021-02-10,BR0008,2021-01-04 06:08:47,2021-01-04 18:04:47
CUST000310,Rebecca,Parsons,1997-12-18,468375e4c25cccebfed378faba5b651263a5095325465ce9960b49fc36aea530,US,US,2021-09-09,APPROVED,2021-11-01,BR0007,2021-09-09 18:33:25,2021-09-09 07:21:59
CUST000311,Jerry,Pham,1954-08-26,78fb301eef970fd8b0ce646010a02e1a8aa9257522e32d51ae49d770833de26b,US,US,2022-03-17,APPROVED,2022-04-02,BR0002,2022-03-17 10:46:33,2022-03-17 08:41:40
CUST000312,Jeffery,Lee,1988-06-25,d56890688d02932cf6f3f18deb49bb5125a71aef743115ce237dce307ab9f66d,US,US,2021-06-29,APPROVED,2021-07-07,BR0019,2021-06-29 09:10:03,2021-06-29 13:40:01
CUST000313,John,Campos,1962-11-05,da76e168d164a6b5cad86030e9b4d13fd397a623a69d27d4b437365fe4e90a3e,US,US,2022-01-18,APPROVED,2022-02-09,BR0015,2022-01-18 17:36:29,2022-01-18 17:14:54
CUST000314,Katrina,Becker,1960-01-22,eb5c9cac319760be9f79b482b571786ff84270a6c0f49413e0a0a7adbe570b1f,US,US,2023-03-23,EXPIRED,2023-03-27,BR0002,2023-03-23 10:55:29,2023-03-23 17:58:52
CUST000315,Derrick,Davis,1994-03-25,520bb3c2bfc429a15480e5c92ffc0ff34f6ebc2d3d6c0d7aac4b211a54fccbda,US,US,2021-08-28,EXPIRED,2021-09-15,BR0002,2021-08-28 16:18:47,2021-08-28 15:44:18
CUST000316,Courtney,Williams,1979-07-21,efc644ecbe77162f7a886eb89bc2db3a5c26af2a4237112a4db77ec701325232,US,US,2021-04-07,APPROVED,2021-04-09,BR0018,2021-04-07 18:22:40,2021-04-07 17:33:13
CUST000317,Kristina,Johnson,1975-06-05,fc7f47706c99476260fca73955078250864adccd7cc7da69addba23e2062d02f,US,US,2021-08-03,REJECTED,2021-08-29,BR0005,2021-08-03 09:31:39,2021-08-03 21:03:20
CUST000318,Michael,Anderson,1986-07-20,a285dac5a9031942bc947049e286e69e2e7aefcc061bc6d165fe1f4ba966323a,MX,US,2022-02-18,APPROVED,2022-02-25,BR0010,2022-02-18 19:01:28,2022-02-18 06:18:28
CUST000319,Renee,Murphy,1963-11-03,f7d1f333e362b8fc28c5868305482478937547e2166eaf4b53cf25359a709515,US,US,2022-05-14,APPROVED,2022-06-06,BR0017,2022-05-14 17:01:04,2022-05-14 17:12:43
CUST000320,Robert,Gonzalez,1950-05-24,f2377d58043528f9c8b3266dfdda00a398b18d12368ac99b297512dc38c1fee8,US,US,2020-05-19,APPROVED,2020-06-29,BR0004,2020-05-19 16:27:03,2020-05-19 17:33:28
CUST000321,Kristin,Walter,1955-07-20,8c6012c38fc9d393c702c0161bb21794e3e0cd1ae7315a840649281386735396,US,US,2022-02-04,APPROVED,2022-02-09,BR0010,2022-02-04 20:36:16,2022-02-04 07:45:24
CUST000322,Michael,Shaw,1973-09-14,d45ef8568ad7c3bc8426dbf514be1e9eaa3ab55efd16c45d9759b2c04bc7359e,US,US,2022-01-19,APPROVED,2022-02-09,BR0011,2022-01-19 20:07:36,2022-01-19 08:48:41
CUST000323,Joseph,Martin,1997-01-27,0d961d270e7d96ccb43e59063bb79b7e527ae64bf7bc8c0e590a63a23b143729,US,US,2023-07-30,EXPIRED,2023-09-16,BR0014,2023-07-30 16:24:56,2023-07-30 09:35:15
CUST000324,Robin,Raymond,1967-06-24,e42e9a6790ad7ecdb6f526792efd53897840cd391097f3f5f5f02219659bcc52,US,US,2021-10-23,PENDING,,BR0013,2021-10-23 06:23:43,2021-10-23 20:03:49
CUST000325,Tammy,Phillips,1966-08-31,a9f83a899a4150a4f2d88c8941facd2c102dc1a36417790a9aacf9ddde4bd19f,JP,JP,2021-05-13,REJECTED,2021-06-13,BR0009,2021-05-13 13:54:00,2021-05-13 09:36:11
CUST000326,Monica,Brock,1964-09-16,0b798342af2be59649cd9af7e5efa7e7a74b35883d022c96831f9e4ac3eb7294,US,US,2020-02-23,EXPIRED,2020-03-10,BR0020,2020-02-23 21:13:50,2020-02-23 10:13:36
CUST000327,Taylor,Jones,1986-04-28,1cccb8639b4b4f09dda417ed36b535c6fcbff0f9974d078c22812cc30e3a8102,US,US,2021-08-16,APPROVED,2021-09-21,BR0006,2021-08-16 18:59:51,2021-08-16 20:24:39
CUST000328,Karen,Perez,1966-10-06,9db685ca25a8de9a8c31e40494fe5e1eec74491bec396d8a989c36bc13a3bd97,US,US,2021-06-13,APPROVED,2021-06-29,BR0018,2021-06-13 16:41:09,2021-06-13 07:08:15
CUST000329,Erica,Craig,1966-05-12,f7e5f8514c7eeb7f25fe201d718cd3e54d94fef2d00fcc993ad0c7b14515ea07,US,US,2020-02-15,EXPIRED,2020-02-16,BR0008,2020-02-15 11:33:17,2020-02-15 15:08:13
CUST000330,Ray,Singleton,1976-08-21,f05734e256df0e01d340bacc658b8d2f56e523115f4c030f36a93493d7c5739a,US,US,2022-10-11,EXPIRED,2022-11-14,BR0016,2022-10-11 16:52:20,2022-10-11 08:21:53
CUST000331,Angela,Davis,1974-02-09,c9724c459eca7f772a9b50d7ee7d291aa5bbedec2235767a3c2bb8f9a50f90da,US,US,2023-11-15,APPROVED,2024-01-13,BR0019,2023-11-15 08:12:35,2023-11-15 13:07:01
CUST000332,Ralph,Baker,1950-05-04,48a16878a0fe10af382d7c6551140e26ab7f1161176d6d60ee500620b9ac81cf,US,US,2022-03-17,APPROVED,2022-03-27,BR0005,2022-03-17 21:28:29,2022-03-17 20:13:13
CUST000333,David,Richardson,1956-10-07,6387d47f4a0883878bbcabafc4c57c716f146022cb8cadc4f6d1a304cb11d4e1,US,US,2022-04-29,PENDING,,BR0010,2022-04-29 21:01:59,2022-04-29 20:00:13
CUST000334,Kaitlyn,Baker,2000-02-09,7eda22230ea18ba0e528c5a6e465b1a7eb1eeef8dc39cd4c0d5a494fedd1fb3b,US,US,2022-01-11,APPROVED,2022-01-14,BR0006,2022-01-11 22:50:19,2022-01-11 10:40:18
CUST000335,Parker,Little,1957-08-11,07185e92333dfd37c776b897f7af23179a6b3d47059dd02e6daa9e890140f906,US,US,2020-03-18,EXPIRED,2020-04-07,BR0016,2020-03-18 14:01:43,2020-03-18 19:30:50
CUST000336,Nathan,Leonard,1982-11-29,5afc3aff57162925e1406e8a11bc4cd48d180eebda3406cdb7c1b4457b7f83a6,US,US,2022-11-03,APPROVED,2022-11-12,BR0014,2022-11-03 11:00:53,2022-11-03 07:15:45
CUST000337,Thomas,Harvey,1986-04-27,9dc2ea95a0495e3ec9bbb2791d7f3aca73a2ea6091944c8c447bbfa3a60bb49a,MX,FR,2021-01-26,APPROVED,2021-03-24,BR0003,2021-01-26 15:36:28,2021-01-26 14:20:38
CUST000338,Sherry,Murphy,1993-07-29,a036c519853bf5e62254d04125cf5eef32c8b3674d0027bc92490846fcba6855,US,US,2023-08-16,EXPIRED,2023-10-15,BR0019,2023-08-16 14:53:38,2023-08-16 08:16:38
CUST000339,Chelsea,Holland,1995-05-28,6c22b4730695b84a9199aeeec41a1cc30d7b3df76ff14e5733709bf2d872157b,US,US,2022-05-26,APPROVED,2022-07-22,BR0010,2022-05-26 12:09:52,2022-05-26 19:49:55
CUST000340,Cynthia,Marshall,1989-02-28,c92f34a8248a4c372d018b92a3971353241d797f18c298bcf91a0ea4cc1ab025,US,US,2021-08-31,APPROVED,2021-09-15,BR0004,2021-08-31 10:06:10,2021-08-31 08:42:55
CUST000341,Jacqueline,Banks,1959-05-12,7e537ae7d9aa7f8b09e8689e3ad3a9920810e9ece777c41ac7e40d982b93a1b2,US,US,2021-11-06,EXPIRED,2021-11-28,BR0001,2021-11-06 08:11:43,2021-11-06 20:27:47
CUST000342,Darryl,Williams,1964-08-27,6197fa41b6f37d41046dafcfc8d7487dc7a6ba4dbf526e547e147478201c7044,IN,US,2020-10-09,APPROVED,2020-11-10,BR0011,2020-10-09 18:45:29,2020-10-09 22:44:31
CUST000343,Benjamin,Ferrell,1955-10-06,976a92133ff3afc613f257e2d90cb536746b2c58b68d841e7dcffedcba6538e7,US,US,2022-11-18,REJECTED,2023-01-16,BR0017,2022-11-18 21:03:21,2022-11-18 15:04:24
CUST000344,Darren,Young,1996-11-05,084b64ce5f09def48d0d28867142b923eb778e85c469fc140e37c036d5103001,AU,AU,2020-04-12,APPROVED,2020-05-29,BR0019,2020-04-12 17:25:19,2020-04-12 20:47:36
CUST000345,Amanda,Price,1998-02-17,43940f4979ad3eccbf23a71f533354a4c5ac5dc10860a4a26f14ff0ac02513aa,US,US,2021-07-10,APPROVED,2021-07-31,BR0020,2021-07-10 14:36:49,2021-07-10 18:12:56
CUST000346,Nathan,Avery,1998-08-03,b3e90bf6d336725267debfa4184eec11f309e0698a1cf02bd041fa45fdbd1166,MX,US,2021-05-10,APPROVED,2021-05-20,BR0002,2021-05-10 07:36:56,2021-05-10 10:26:05
CUST000347,Heather,Fernandez,1984-06-20,24dfca01f42726f628bebee258c86e0a4fbe033961adc2626c2350d8f90928c7,US,US,2022-04-01,APPROVED,2022-04-22,BR0017,2022-04-01 19:17:21,2022-04-01 21:42:59
CUST000348,Brenda,Barber,1996-11-24,bad812a340d80d23f0108fed389ee1261ac0e65456958e18826eb251fc0871be,US,US,2022-03-28,APPROVED,2022-04-20,BR0006,2022-03-28 14:30:27,2022-03-28 14:00:00
CUST000349,Nicole,Pena,1954-09-10,afabd67771b95c9e705cdc0f60811883aef744435b2e77b55a09150909698fb2,US,US,2022-03-03,APPROVED,2022-04-23,BR0005,2022-03-03 15:43:03,2022-03-03 17:04:26
CUST000350,Martha,Gilbert,1984-04-29,3fb9d84e2effdb95f1718585979f043886b55b202b8560d18c1717628660ef8c,US,US,2021-12-24,APPROVED,2022-01-05,BR0003,2021-12-24 22:37:39,2021-12-24 21:59:18
CUST000351,Sheila,Ramirez,1950-06-11,a5516429c5daa33fe15e55d21e2c08aaad9b7c5cc68b62521ff5a2610cf9bca8,US,US,2020-10-22,APPROVED,2020-12-20,BR0017,2020-10-22 13:53:20,2020-10-22 21:55:02
CUST000352,Hannah,Robinson,1955-09-13,92ea8451978fa6e558b957e5e4cf5db5a047d2f8d933ac62f1f7870cf13d612a,US,US,2022-07-16,APPROVED,2022-07-19,BR0005,2022-07-16 12:32:41,2022-07-16 19:03:11
CUST000353,Sean,Young,1954-01-21,6c57f47a0de6ef75a45d79959b072b387e2b7cd05a194955fc222181c8a26e0c,US,US,2023-11-22,APPROVED,2024-01-09,BR0020,2023-11-22 14:47:04,2023-11-22 12:17:42
CUST000354,Michael,Pollard,1951-02-02,652509d57ff6492a2d2fb19e7598e559fa77883425be196cc60f716b6cb53756,US,US,2023-04-11,REJECTED,2023-06-03,BR0019,2023-04-11 21:08:53,2023-04-11 14:21:09
CUST000355,Michael,Winters,1999-10-25,6d76e6720e17ea5d56ac11bb89ea5f2bf0b5f895c57cd18da54ad1802e163c42,US,US,2021-07-05,APPROVED,2021-08-14,BR0010,2021-07-05 16:58:02,2021-07-05 20:13:22
CUST000356,Deanna,Brown,1983-11-18,bf09d71e13215a67b0d255f7f35ae9c85fdf7c98f1f7953226a9fa3c8efeed43,US,US,2023-11-17,APPROVED,2023-12-24,BR0019,2023-11-17 14:43:01,2023-11-17 16:37:53
CUST000357,Joshua,Donaldson,1999-03-18,510434c89acba7e3e2251d75201cc3aff8bd01cfa29e0d09da95caea20af1398,US,FR,2020-04-03,APPROVED,2020-04-14,BR0009,2020-04-03 10:41:55,2020-04-03 07:51:14
CUST000358,Stacy,Holloway,1958-01-28,6ebefe96108f049e0c5b987043e9d4321b9f48d6c838ee04ec7bc6e6b998cbc5,GB,US,2021-12-26,APPROVED,2022-01-17,BR0015,2021-12-26 12:54:19,2021-12-26 10:02:14
CUST000359,Christopher,Lewis,1958-08-24,cec73857ed631437dcf14c3136e1c2efa905ed880b207bce1de0f21388084240,US,US,2023-03-01,REJECTED,2023-04-01,BR0015,2023-03-01 17:39:23,2023-03-01 09:42:19
CUST000360,Danielle,Maddox,1955-12-26,2f6a58850bbcf0b44a17d660532c2680376973de5d4f4c110a74c723da91a2e5,GB,US,2022-11-18,APPROVED,2022-12-01,BR0005,2022-11-18 16:50:41,2022-11-18 22:55:25
CUST000361,Brent,Cook,1996-02-21,a6cd5f68f124e4a94593244b1666b49c405b30c045cf8ffbf6e8cd9aca2b6488,US,US,2021-07-21,APPROVED,2021-08-06,BR0014,2021-07-21 06:47:41,2021-07-21 17:46:35
CUST000362,Vanessa,Buchanan,1983-10-20,bed8963dc73672d812c535bce7c1921aba7eb56c6a7183f77976e290c054b620,US,US,2023-06-30,REJECTED,2023-07-27,BR0017,2023-06-30 12:06:54,2023-06-30 20:12:44
CUST000363,Jamie,Gallegos,1950-03-23,269a95b157de0f1565e7bec27d60ce1f40604b54c9430b09336e0d7c50eef626,US,US,2022-02-26,APPROVED,2022-03-12,BR0012,2022-02-26 08:51:33,2022-02-26 08:29:34
CUST000364,Angela,Willis,1994-12-01,c974cdf73ef495f8ea79cb6dcf5f2d64a9bd91ed858fffab189bbd148d89545e,IN,US,2020-11-03,APPROVED,2020-12-26,BR0014,2020-11-03 06:59:26,2020-11-03 10:15:08
CUST000365,Lisa,Hall,1991-04-14,9020f4f535ca62cb64d8586c8a8fcba0c02b7ebc964a31ba85d43bc6e89cf7ae,DE,DE,2020-10-23,APPROVED,2020-11-21,BR0005,2020-10-23 11:14:30,2020-10-23 07:02:45
CUST000366,Kim,Kramer,1988-06-08,7e4677535cc4bd3ff6ada6bb62b89d396ebce472046c238e136f84e767d0d6f0,US,US,2021-10-10,APPROVED,2021-11-08,BR0015,2021-10-10 20:37:20,2021-10-10 14:04:40
CUST000367,Caitlin,Ramirez,1989-12-09,b60bcae9a5e8ec3af512587f0a96e61977960f6dff5bff6a3312c4c55248813a,US,US,2022-05-12,APPROVED,2022-06-19,BR0018,2022-05-12 07:53:28,2022-05-12 12:29:32
CUST000368,Tracey,Huerta,1955-12-13,ca2bc423b2a5f4912b72e298418d2ab52dd36e083b8988727917539f02f726d2,US,US,2021-12-24,EXPIRED,2022-02-01,BR0012,2021-12-24 22:38:48,2021-12-24 18:10:25
CUST000369,Amber,Lindsey,1999-05-04,b6b1ce5aef24224a13cf7d3c81939453d771de91f95a9e0dafb93ccb1cf49ad1,US,US,2021-03-07,APPROVED,2021-04-05,BR0001,2021-03-07 10:01:43,2021-03-07 21:25:05
CUST000370,Daniel,Delacruz,1963-07-17,051ad3b83b6371281efa0253e4a86fbc43146fd23e0bddb04688c6798e599d63,US,US,2021-05-03,EXPIRED,2021-05-15,BR0011,2021-05-03 08:35:56,2021-05-03 09:09:59
CUST000371,David,Howard,2000-11-15,48707789a7e04d83e5aa5bf2b9518d6eedacf56184a6dbfa468c86644a9647d6,US,US,2023-08-19,APPROVED,2023-10-13,BR0005,2023-08-19 06:41:52,2023-08-19 21:00:58
CUST000372,Kristina,Chapman,1986-01-17,6b4db928268e8cafe2dc11fbf1652910c93660b422f34d664f6227d7af157439,US,US,2022-03-06,PENDING,,BR0019,2022-03-06 10:14:30,2022-03-06 10:37:35
CUST000373,Alfred,Baker,1962-12-01,fd869e860c2844e17abd67390f36b20df5c371ed6442b69b6e466c3752f107e4,GB,US,2022-03-05,EXPIRED,2022-03-23,BR0010,2022-03-05 20:58:02,2022-03-05 13:45:20
CUST000374,David,Fisher,1953-12-20,7bcb0d349c235ddff1f21449c384663932717aabc94b8b1a49392ec5e29edf74,US,US,2022-05-12,APPROVED,2022-06-21,BR0007,2022-05-12 16:22:44,2022-05-12 20:00:51
CUST000375,Daniel,Brown,1993-09-04,21d2ce383838af211e1b6cadf0131ccdc9bc5bf06cce5bce2eacaee8a3880271,US,US,2022-06-25,APPROVED,2022-08-18,BR0004,2022-06-25 16:21:21,2022-06-25 07:43:54
CUST000376,Shane,Cox,1978-07-22,e047f76ed5dd0dc9ff4caad7b6829ca99a2c19ff6e740625b15461eb5683d569,US,US,2022-06-21,PENDING,,BR0016,2022-06-21 13:33:17,2022-06-21 14:16:02
CUST000377,Brittney,Hayes,1977-12-01,8a3fe59442f49f74c12befe17d6170d300dd9a0b4b53fdbea7ed3ac26b2ae331,US,US,2022-01-23,APPROVED,2022-01-28,BR0016,2022-01-23 07:41:58,2022-01-23 09:48:09
CUST000378,Jeffrey,Gilbert,1970-05-08,de7fdf12b9d0d7831d852e329c2e8c853bbebe44e307464655851f61f5e67f6d,US,US,2023-08-21,APPROVED,2023-09-25,BR0013,2023-08-21 08:47:02,2023-08-21 20:56:55
CUST000379,Jessica,Kerr,1990-05-27,10782233145d7270816598f0c1bb8a77aea426eebed428494742dd920d9062e1,US,US,2023-06-20,APPROVED,2023-08-16,BR0009,2023-06-20 17:27:32,2023-06-20 15:16:26
CUST000380,Donna,Turner,1992-06-09,3fa209a1b6e48cc7e29d3a38b683efa5ea9cbd4bfd203b07d5e0b4dbbbae55f1,GB,US,2023-03-23,APPROVED,2023-05-15,BR0010,2023-03-23 06:04:27,2023-03-23 12:08:39
CUST000381,Dawn,Johnson,1978-08-24,9be0e5a94f98832a5173fa8a0bb03993a14572017c8473fa9806cd794472b16e,US,US,2022-09-10,APPROVED,2022-09-24,BR0019,2022-09-10 21:23:28,2022-09-10 11:38:58
CUST000382,Yolanda,Boone,1963-03-20,e80617713728fb2244da40148ad420b868a79b8a0e3301cf41926d264e5c9a5e,US,US,2023-09-19,APPROVED,2023-10-15,BR0005,2023-09-19 08:21:35,2023-09-19 17:58:45
CUST000383,Ronald,Rodriguez,1977-04-20,cfee036fc39ee0ccfe78773f44b36aa4627e633a03572d0aa3045fc5996cb544,US,US,2023-08-09,APPROVED,2023-08-29,BR0003,2023-08-09 17:40:47,2023-08-09 14:34:15
CUST000384,Jennifer,Wallace,1988-10-31,22a68fc68a6c36e4112212bf48e2572472100c4685a35cab4feb546ac2b06a1e,IN,US,2022-03-08,APPROVED,2022-03-27,BR0009,2022-03-08 18:11:46,2022-03-08 09:22:47
CUST000385,Rachel,Morris,1982-01-02,11ff273cc7f07b737e59ccb3aff18582ea427539ef1c2dc7817233462a4fe381,DE,DE,2023-01-21,APPROVED,2023-03-03,BR0014,2023-01-21 08:28:00,2023-01-21 16:00:10
CUST000386,Eddie,Martinez,1964-11-08,163488c8d51f917851f1e408de9f8d86cf3f55bc51a68dcb6c5fa61a27c23e9d,IN,IN,2020-06-07,APPROVED,2020-07-14,BR0004,2020-06-07 13:50:48,2020-06-07 15:53:17
CUST000387,Claudia,Richards,1993-01-07,23065ad827b1b648d9e5f9574fa8b5eb52295a301c685b2bd51d34a7a1885bf3,US,US,2022-03-03,PENDING,,BR0016,2022-03-03 20:18:01,2022-03-03 10:37:51
CUST000388,Jennifer,James,1961-04-01,8245881c3a09e158916fb2ddc85dc8014fa4e12e04823b4cbb4efa42efe275e9,US,US,2023-01-03,APPROVED,2023-01-19,BR0014,2023-01-03 17:59:47,2023-01-03 06:36:46
CUST000389,Carla,Phillips,1984-06-29,ace260d013a7461fc7c0c2ae0ea235fef492a6668768ec4518a3051f844edc16,MX,US,2021-01-19,APPROVED,2021-02-13,BR0020,2021-01-19 18:26:26,2021-01-19 19:04:00
CUST000390,William,Jordan,1962-07-09,6651dd3d01c69f5c538c5eaf34858070156268b51b4210911fb88bc675d89757,IN,US,2021-10-04,REJECTED,2021-10-16,BR0005,2021-10-04 10:43:44,2021-10-04 13:17:39
CUST000391,Laura,Wilson,1998-10-28,e45e392fc2792601779184016015d74e9e5931dac61b9904f16663bb59fdeeec,US,US,2020-03-23,APPROVED,2020-04-20,BR0016,2020-03-23 17:39:47,2020-03-23 06:06:30
CUST000392,Diana,Rich,1990-08-01,c1a5b6edd959e4d37c13a55a95d81a09dcef1386a70a9993177a4bdf53bd28dc,US,US,2023-06-13,APPROVED,2023-07-03,BR0009,2023-06-13 15:01:39,2023-06-13 11:13:15
CUST000393,Andrea,Glenn,1981-06-10,d8065b7cd7733a04b3034343fbd3f04744df3e0a37942f19f3b0e61f0db90cbf,IN,US,2020-05-09,APPROVED,2020-06-06,BR0002,2020-05-09 09:35:24,2020-05-09 13:31:48
CUST000394,Russell,Beasley,1961-07-04,6d572b2c96fa05f8efb66e2a066e21bad5e181f391729b6f7aa0688a7c6ea573,US,US,2022-02-17,APPROVED,2022-04-09,BR0020,2022-02-17 16:22:37,2022-02-17 11:40:11
CUST000395,Robert,Wilcox,1993-08-07,edf351c82eedf4992181ca6678ae7118071bcc32be58eca3beba4bb794fe0333,IN,US,2023-11-05,APPROVED,2023-12-27,BR0001,2023-11-05 12:59:54,2023-11-05 16:00:11
CUST000396,Raymond,Blair,1980-01-05,610a52c2bb9f0ff7284e3c1051f9a5f762f53526b8589ec2a8d35e4519cc2cb4,US,US,2021-12-05,APPROVED,2022-01-25,BR0018,2021-12-05 18:30:09,2021-12-05 11:34:58
CUST000397,Larry,Edwards,1998-01-30,aebbb933d951ffd0dc40bab83ad57fed6aa60d10f09d0ad9355ca3d10308e3e1,US,US,2021-04-14,EXPIRED,2021-06-02,BR0009,2021-04-14 17:17:24,2021-04-14 08:23:43
CUST000398,Jonathan,Mckay,1993-04-05,96a2a9c121e18b1021ed5339d16f06e227d5d865572752e75c49378e76ef5663,US,US,2021-08-22,EXPIRED,2021-08-28,BR0017,2021-08-22 22:29:37,2021-08-22 16:13:04
CUST000399,Gloria,Wells,1962-01-09,dd015c7b73affea2a51b43ffea7c4f432de57d121e83d65847917c83e1fdca8e,US,US,2023-11-11,APPROVED,2023-12-02,BR0016,2023-11-11 19:27:06,2023-11-11 22:12:03
CUST000400,Christopher,Miller,1997-05-26,39d21abb4e58cd21ecfee94bd2bd419ea64c5a2397ab5ff243966997197147d0,US,US,2022-02-05,APPROVED,2022-03-24,BR0008,2022-02-05 08:19:13,2022-02-05 08:20:05
CUST000401,Ryan,Garner,1955-10-29,e2f4fae6d96bd8b06b27de653cf37272274d3fc30e51f4c51a0aad91ea5d86f5,US,US,2021-05-28,APPROVED,2021-06-24,BR0001,2021-05-28 21:51:35,2021-05-28 08:35:29
CUST000402,Nathan,Anderson,1958-09-24,c116d0d10c978104f5ac630509c1c6979d524ffa6d0547ad7d61cc508e33d2f5,IN,IN,2020-04-03,EXPIRED,2020-05-07,BR0005,2020-04-03 16:48:29,2020-04-03 07:26:41
CUST000403,Brian,Frye,1999-02-27,f8ea51212e042151b1ea34fe51df1f18021961ece5be2551893e32f72ecd9932,GB,US,2023-08-28,APPROVED,2023-09-13,BR0009,2023-08-28 11:45:47,2023-08-28 12:00:25
CUST000404,Anna,Santiago,1952-12-25,ea85fac348e611eacb4d37893fb08f9cbaa8db53c2f6a928e6e7fcdcd85be2c1,US,US,2020-04-19,APPROVED,2020-05-22,BR0001,2020-04-19 16:58:53,2020-04-19 10:10:18
CUST000405,Robert,Russo,1958-07-29,aaa683be34783b252d26cbab0cdac7b8e13b927be62b17cb2da7b60b44376f3a,US,US,2020-07-16,APPROVED,2020-08-12,BR0011,2020-07-16 08:16:20,2020-07-16 10:01:06
CUST000406,Shelley,Henderson,1986-01-18,5f7395848525158874d05e4f33432d0738086c25dafdc8e828c8d98c21580682,US,US,2022-05-20,APPROVED,2022-06-23,BR0005,2022-05-20 14:02:02,2022-05-20 16:14:55
CUST000407,Ruth,Williams,1961-09-15,26729c47d3b0923871e9fe702c698143c544e81abf70869aff95450148f03835,US,US,2021-01-13,PENDING,,BR0004,2021-01-13 07:54:04,2021-01-13 09:48:13
CUST000408,Keith,Edwards,1972-12-20,e439533b985c4f4e75f0ddc1e86604ab95b1b9f476ce74469985c5a976177f3c,US,US,2022-12-31,APPROVED,2023-01-07,BR0012,2022-12-31 11:33:24,2022-12-31 09:50:13
CUST000409,Dale,Romero,1964-03-15,82392917d5a26c91051b1d0da7768d6291672f9d9dbdafa953a32749ef68a257,US,US,2021-05-14,PENDING,,BR0011,2021-05-14 10:13:19,2021-05-14 11:32:25
CUST000410,Eric,Olson,1976-10-09,d7d4130f38a2e4d1f3e43b5f6537d3163ae66a0dda2905b78d370a06775664e8,US,US,2021-09-03,EXPIRED,2021-09-04,BR0014,2021-09-03 19:12:17,2021-09-03 11:47:03
CUST000411,Melanie,Bell,1981-12-29,ade7a564fa9ccffd8ba15424b7e5d1b38dc30bf9969f5159bc04065f1170f78b,US,US,2021-05-22,APPROVED,2021-06-22,BR0019,2021-05-22 17:11:39,2021-05-22 21:53:14
CUST000412,Angela,Wilson,1981-12-16,85620224d86e90298b0a1b5fa8f6f3e937d353ad6df281d01e20f4acaf5d3546,US,US,2022-04-09,REJECTED,2022-04-21,BR0011,2022-04-09 08:17:31,2022-04-09 18:10:23
CUST000413,Joshua,Perez,1972-02-05,700da3f90f9cf70fabc4226ad2b99233f735750fdb73ee16f3d648998535c1dc,US,US,2023-08-03,APPROVED,2023-08-30,BR0009,2023-08-03 21:50:23,2023-08-03 13:15:25
CUST000414,Roy,Hoffman,1983-04-10,c0401dc319135e163ba76324a2198cdecad87c0fb45adaf73403a2b69958a534,US,US,2020-11-23,APPROVED,2020-12-11,BR0011,2020-11-23 13:21:13,2020-11-23 19:08:48
CUST000415,Katrina,Howell,1999-06-22,63cb812f9c53cfd3f3a2e45058ef997b57f86e16fe73d0fd5ff25af52bcbc387,US,US,2021-11-26,REJECTED,2021-12-09,BR0019,2021-11-26 10:19:06,2021-11-26 16:30:05
CUST000416,Emily,Hawkins,1964-01-21,f583a3098da4353b9d3477c23ca65e6b6a3a9822c7be67de7499e501518058c5,MX,MX,2023-08-06,APPROVED,2023-09-02,BR0008,2023-08-06 16:17:13,2023-08-06 15:26:35
CUST000417,Chelsea,Barrett,1979-06-23,40e4b376bfb181a12fcccc6c352c8737258e09b5cecdd81177e0bd2d1367fac6,US,US,2022-10-22,REJECTED,2022-11-28,BR0013,2022-10-22 10:18:36,2022-10-22 21:37:40
CUST000418,Heather,Johnson,1971-03-17,ba64a53ea4217571a83ceafeee64f429aa8b5cd53b3e26b7d38a4da841ca819e,US,US,2023-06-16,EXPIRED,2023-06-21,BR0008,2023-06-16 22:05:06,2023-06-16 18:57:50
CUST000419,Joshua,Farmer,1996-03-24,1fc36870dbbd2079c58d61561496cc3013d6fce86596b45ca010099fd3bbaf9b,JP,JP,2023-09-06,APPROVED,2023-09-08,BR0007,2023-09-06 21:08:24,2023-09-06 07:30:44
CUST000420,Sandra,Bell,1964-11-24,b621405aca0024a5f5e18439369627338f02525562d76c87450faad37f8b66cb,US,US,2020-01-10,APPROVED,2020-02-07,BR0018,2020-01-10 10:24:46,2020-01-10 14:36:13
CUST000421,Howard,Thomas,1960-07-27,ec7db101410e5114dffeee3659b80628eedf6df34364cf445bf5c40aa429ff89,US,US,2020-09-27,APPROVED,2020-10-10,BR0013,2020-09-27 11:20:41,2020-09-27 14:53:09
CUST000422,Diane,Jones,1964-10-02,082581a0e713d6c7b1e3a9b39a341db73b4c316793aa63b85988ec32b68b1765,US,US,2022-03-07,PENDING,,BR0020,2022-03-07 09:29:08,2022-03-07 15:00:13
CUST000423,Joyce,Bonilla,1985-06-22,e52877c1f67d5ae19d51c08fe5d3a5a0c4b430b91cb4f078fd302605a71c33b8,US,US,2023-03-19,APPROVED,2023-03-25,BR0014,2023-03-19 18:45:18,2023-03-19 20:05:39
CUST000424,Christopher,Moreno,1986-10-13,acad4c768a26ff882fb606a72c7bfa2f2b3d2dcca0562af38d9d86e68ae57df6,US,US,2022-07-14,PENDING,,BR0011,2022-07-14 13:38:07,2022-07-14 07:06:24
CUST000425,Nicholas,Chavez,1959-08-22,afa41cdd3b687318a612c3a45dd4b2bcbcf2cd34782841d3131db95af638de70,US,US,2020-12-14,APPROVED,2021-01-09,BR0019,2020-12-14 07:48:48,2020-12-14 08:12:14
CUST000426,Eric,Collins,1970-10-12,ce3af563004755898fdd006696715855c5727746c258a62468a61c2e73bc8259,US,US,2021-07-12,APPROVED,2021-08-24,BR0009,2021-07-12 09:18:02,2021-07-12 14:05:46
CUST000427,Mark,Pugh,1955-07-28,dce8bc5e7958a5eb930b8f1898f6f5e9c49e80c33216614da8097b3992349109,US,US,2020-05-26,APPROVED,2020-05-29,BR0003,2020-05-26 09:25:00,2020-05-26 15:37:41
CUST000428,Caitlyn,Ware,1957-06-13,6ab195ab4af8e605b06fbd1e1ef5ea8118b82b2e5eead4fd89dab22c94fec80f,US,US,2020-02-22,APPROVED,2020-04-22,BR0017,2020-02-22 19:54:26,2020-02-22 09:25:58
CUST000429,Eric,Webster,1998-10-31,313975fae0d3d591e958dfe3172e6d9059b32d85b9f7f914f4923928629acda6,US,US,2020-03-09,REJECTED,2020-03-25,BR0007,2020-03-09 14:32:57,2020-03-09 16:19:35
CUST000430,Brandon,Miller,1973-06-05,f2a834b4907490b99bed8b384db40d0dd088f3703910680e532bad468802289f,US,US,2020-11-16,APPROVED,2020-11-21,BR0019,2020-11-16 09:31:53,2020-11-16 09:13:58
CUST000431,Scott,Coleman,1998-10-06,3e9528c5dbe82a2c7096a84e971248740ce1b61637661f85256cd25dac81fb34,US,US,2022-02-22,APPROVED,2022-03-25,BR0016,2022-02-22 09:13:56,2022-02-22 10:50:45
CUST000432,Catherine,Perry,1958-10-09,61e76f2fdb9ba42c3910ecf2eede8c690fd962e60c1c8aa60d8288912bf35795,US,US,2023-04-09,PENDING,,BR0001,2023-04-09 11:59:33,2023-04-09 08:18:05
CUST000433,Jason,Hunt,1960-09-11,21a266d2ad065b8e4389fc5050727b0885d12a34cdf6af1158b5b3a861bdeeb5,IN,US,2020-09-29,APPROVED,2020-10-20,BR0020,2020-09-29 12:27:30,2020-09-29 22:23:31
CUST000434,Michael,Rodriguez,1984-02-22,5591527014c0e18fa53417d8389a59e571e6135ca46d6506b9e134509a406c2d,US,US,2021-08-27,APPROVED,2021-09-12,BR0016,2021-08-27 15:39:07,2021-08-27 18:07:50
CUST000435,Erika,Watkins,1975-09-07,0cfda68d5ade7e78e1b680d4071b69037a431acb090bc435ae3c20845efecebc,MX,MX,2020-12-13,APPROVED,2021-01-05,BR0008,2020-12-13 08:58:21,2020-12-13 12:21:03
CUST000436,Alison,Parker,1986-11-14,fa965d89ffffdf8a7b7a7c9fffc7d2a0e774b83ab716fc2d5fa60623388d3454,GB,US,2023-05-08,EXPIRED,2023-06-02,BR0009,2023-05-08 17:21:10,2023-05-08 16:11:48
CUST000437,Jeffrey,Joyce,1994-07-29,db88c9f24671c1e78c5079a34caf0a1adf603e5e5649285e3b91abcf58ceb00e,US,US,2021-10-01,APPROVED,2021-10-25,BR0015,2021-10-01 14:33:33,2021-10-01 17:27:24
CUST000438,Brian,Harris,1975-05-01,106deffd3baebf4b3ff33e146025e88d7b68fb00da9e3d410e6836cad59ccd47,US,US,2022-11-04,EXPIRED,2022-11-08,BR0019,2022-11-04 16:27:28,2022-11-04 17:42:58
CUST000439,Sierra,Saunders,1986-01-21,3610712c7720099748b66271335e56a89208111ccaf6c4af51ab57bf15a1aa9c,US,US,2021-03-03,APPROVED,2021-03-22,BR0003,2021-03-03 20:09:24,2021-03-03 18:08:48
CUST000440,Kathryn,Roberts,1982-06-11,f67cb7c581c1aab9491e43d9b659e595791a2e2eca2ebf0ac2d1bc54e2b29649,US,US,2022-04-10,APPROVED,2022-06-05,BR0002,2022-04-10 08:18:54,2022-04-10 14:07:53
CUST000441,David,Jimenez,1969-12-17,75edac3b7a99ee04cff452b751f63f7b6dc5948519b23527ae9a7b278b1eb7d8,US,US,2020-01-12,APPROVED,2020-02-08,BR0002,2020-01-12 22:28:49,2020-01-12 09:56:00
CUST000442,Ryan,Anderson,1950-04-23,c806a4efb99f29b92222aecccf8576ec89e09af9ae27ec5df6494a9212a78364,US,US,2023-07-31,APPROVED,2023-08-04,BR0016,2023-07-31 10:34:09,2023-07-31 06:30:26
CUST000443,Amanda,Hall,1965-02-12,6ce45184484fb470e0f4c1d11acec22ecb23ba2ec784757a81b34af8a655c20d,US,US,2021-01-29,APPROVED,2021-03-26,BR0005,2021-01-29 13:09:35,2021-01-29 10:11:11
CUST000444,Angelica,Barnett,1999-11-21,2a08097b1f67553e225cbf885629678e614ae009225ad9de11982b93d6f787fe,US,US,2020-11-14,APPROVED,2020-12-15,BR0007,2020-11-14 17:38:37,2020-11-14 15:02:00
CUST000445,Michael,Sanders,1974-06-27,9fe589f83ce52eb62103b386291f334abbf3f02b45852ddcae66318477f22c04,US,US,2020-07-08,APPROVED,2020-08-16,BR0012,2020-07-08 09:45:07,2020-07-08 13:22:42
CUST000446,Judy,Graham,1952-08-31,5b7198f379e510f075b07fa3da829dea6c1d80663cf9660cfd9c80021576b7b4,MX,US,2021-10-06,APPROVED,2021-12-05,BR0019,2021-10-06 10:59:52,2021-10-06 06:50:59
CUST000447,Steve,Miller,1989-03-06,3a7207eb20587b6351b01d7456a8f7cbc25aedcbbbfd203f5770813b0c487603,CA,CA,2021-08-16,APPROVED,2021-09-28,BR0020,2021-08-16 20:33:15,2021-08-16 06:08:59
CUST000448,Lawrence,Patterson,1998-06-27,838cc00f10e0dbae3bf593d6c6003f6ab4030b7a35e1bc290579ca0f8d7f6139,US,US,2020-02-06,APPROVED,2020-03-17,BR0010,2020-02-06 08:39:21,2020-02-06 10:50:48
CUST000449,Richard,Bowman,1995-10-21,f493ea68aeb50db8ef81ddfd07c141825a2e36960639d121a7c4282d829f726d,US,US,2020-07-15,EXPIRED,2020-08-20,BR0005,2020-07-15 07:11:05,2020-07-15 22:43:35
CUST000450,Keith,Sullivan,1970-01-12,0714cc8702eba7de5d01686fc3bae23261650b47e5911c43fa075d63444ba431,US,US,2020-02-17,APPROVED,2020-03-20,BR0008,2020-02-17 20:35:37,2020-02-17 09:42:09
CUST000451,Tammy,Jackson,1958-09-25,e7cd40b7d7a8cad139d98d6fb15ca52fe1c0517541fe36d5e8ce91c17d8f3ec9,US,US,2021-03-31,EXPIRED,2021-05-16,BR0013,2021-03-31 06:20:52,2021-03-31 16:35:20
CUST000452,Stacey,Stevens,1980-11-26,f3c4fb8d935ae26ef9bab8c56327e2822ceb581f7122e3206350efbe1a760bcd,US,US,2022-10-07,APPROVED,2022-11-21,BR0009,2022-10-07 11:36:57,2022-10-07 06:53:26
CUST000453,Hannah,Cox,1988-07-27,68d654aa7c30bc5ac1706c0f0de0413e21a5fdc9b2a5093f8588df1f0185b796,US,US,2023-03-07,EXPIRED,2023-03-30,BR0014,2023-03-07 06:24:04,2023-03-07 07:24:21
CUST000454,Samuel,Rodriguez,1987-09-18,9acbd95e57a5c4a87593c556bb3652805c61c011abc249aaa9ffb3da1149e097,US,US,2022-07-31,APPROVED,2022-08-18,BR0003,2022-07-31 18:20:09,2022-07-31 20:26:05
CUST000455,Ryan,Morales,1969-12-23,1764601a611b4a608f53e0563d9bf88cae4046f4cfe24f17ad63623b251ae3f1,US,US,2022-05-07,EXPIRED,2022-06-14,BR0012,2022-05-07 13:40:01,2022-05-07 22:17:12
CUST000456,Christian,Harrell,1992-12-18,ffa4daa64f29e6991e51b9044a00dc4ecb8782cc7039255e2fa700016a0643c8,US,US,2022-03-28,EXPIRED,2022-05-07,BR0009,2022-03-28 15:29:49,2022-03-28 21:55:58
CUST000457,Julie,Walker,1966-03-07,0c897dfd1bf68a074275347ef161b8a4856ed66ba09379091992e4a7e3767857,US,US,2021-10-24,APPROVED,2021-11-05,BR0006,2021-10-24 12:19:32,2021-10-24 06:49:02
CUST000458,Kimberly,Jones,1974-07-29,9acca13afe52b35a4c1fe84928c13f5796ad17dc51b171d8e2430567174e757d,US,US,2020-06-13,APPROVED,2020-07-30,BR0013,2020-06-13 09:20:34,2020-06-13 16:20:29
CUST000459,Cynthia,Schmidt,1975-04-13,6ab00f1fab1f6e94c59ffcd31bceef9884ffb1763c8f3c2d88ed1d8ccc0bc8ae,US,US,2023-04-13,APPROVED,2023-05-15,BR0006,2023-04-13 14:10:23,2023-04-13 20:03:15
CUST000460,James,Parsons,1969-02-06,22d8f06e9fea349cd0157a965f8465328e63cef84094221edc5cea3d788b600f,US,US,2021-03-30,EXPIRED,2021-04-21,BR0012,2021-03-30 11:59:14,2021-03-30 08:20:40
CUST000461,Michael,Mullen,1998-04-02,209b1d70ef084b07b56ea9310ab2c2d32e4cf174bee121b72e98370c2035ff01,US,US,2020-10-13,APPROVED,2020-10-31,BR0013,2020-10-13 11:57:56,2020-10-13 08:28:10
CUST000462,Debbie,Hernandez,1958-11-25,dff312ba562c5760b18e0fb469fca710a68d53580a81fc5b9598fdff9b833e2c,US,US,2022-09-22,APPROVED,2022-11-15,BR0003,2022-09-22 19:29:34,2022-09-22 11:57:07
CUST000463,Curtis,Scott,1982-03-23,a8524786e17df67570f2f6e05675604d2dbae841bfcf1cea05af5a65d9c00ae7,US,US,2023-11-03,APPROVED,2023-11-29,BR0016,2023-11-03 06:25:14,2023-11-03 10:52:22
CUST000464,Glenn,Hernandez,1952-12-17,d703a577dd8e555282cd50663799f9bab26d827eff59e65395d45a53609b7347,US,US,2021-03-18,APPROVED,2021-04-20,BR0012,2021-03-18 06:11:09,2021-03-18 07:26:06
CUST000465,Katherine,Jones,1954-05-17,bd05f700f1d7aaff6f93aab0ce0e34761bf84265d481239ac8f3794010bb7887,US,US,2020-08-06,EXPIRED,2020-08-20,BR0016,2020-08-06 21:05:38,2020-08-06 07:00:03
CUST000466,Stephanie,Burton,1951-12-12,d06b35e192b3f57d3743a315f53fccb9f5ee8d3e79b603b2137e9d022f9eaec7,US,US,2021-01-12,PENDING,,BR0005,2021-01-12 11:53:21,2021-01-12 18:45:45
CUST000467,Steven,Elliott,1975-03-11,0d84a616281247b7f5bba64c2692a9c698687069258534cef26d19023fdc078c,US,US,2022-10-06,APPROVED,2022-10-29,BR0015,2022-10-06 10:14:00,2022-10-06 15:50:49
CUST000468,Bethany,Maldonado,1980-11-15,4cf8a4997853146d04f4efac9a6adf9a01400c65940fc947a566b9889a0239a7,US,US,2021-03-21,APPROVED,2021-04-15,BR0015,2021-03-21 08:18:21,2021-03-21 18:18:28
CUST000469,Nicole,Day,1975-11-01,133db0c8cad03dfd40427bbe37b2de473ea436d1ff5aaf86bf7cf64687186d76,US,US,2021-05-17,APPROVED,2021-05-25,BR0007,2021-05-17 09:58:05,2021-05-17 20:31:27
CUST000470,Valerie,Morris,1987-09-30,ee8270d8784824ee9a00f2490fa28ecfae99988258d3f854394393bf3d001f17,US,US,2022-05-27,APPROVED,2022-07-09,BR0003,2022-05-27 10:01:50,2022-05-27 11:35:05
CUST000471,Tasha,Stewart,1978-10-24,0dc5e6682aa372973d24544364ef673d9b263764809f47236d9ccbae616acc26,US,US,2022-09-04,EXPIRED,2022-09-09,BR0005,2022-09-04 10:15:04,2022-09-04 09:25:30
CUST000472,Scott,Harrison,1999-01-31,cfb5616acc30acaec5946a7b0347e2a6db9a6355c55afdfbd8fcd32abe96fa21,US,US,2023-10-25,APPROVED,2023-12-17,BR0007,2023-10-25 16:15:08,2023-10-25 10:12:43
CUST000473,Crystal,Hogan,1993-08-17,58234b495500272ad87d67bff58b14718504e678e893621c80e0fce5447abf54,US,US,2020-09-10,APPROVED,2020-09-15,BR0017,2020-09-10 15:41:32,2020-09-10 17:26:14
CUST000474,Brittany,Bell,1994-09-04,ba93633432289ccb78aea4903995233e544a2b375ead6cf4a62bb1683fb924f5,US,US,2020-06-21,APPROVED,2020-07-30,BR0002,2020-06-21 06:47:15,2020-06-21 20:53:21
CUST000475,Charles,Murray,1972-01-15,100771f2787c2141667739a8b0fc7e4417e80372b22fcba27c9172f3368fb397,US,US,2023-03-13,REJECTED,2023-04-27,BR0007,2023-03-13 10:16:27,2023-03-13 17:38:42
CUST000476,Benjamin,Wood,1995-01-21,0d9e292ea29619b2df1fb6d0f7cbdfbcf060b2e0a412a3fb8a84ee3fe42fa705,US,US,2022-02-18,APPROVED,2022-03-21,BR0004,2022-02-18 21:42:35,2022-02-18 12:51:43
CUST000477,Justin,Newman,1994-08-01,0c5af25bdc04173e25ce04db442e4bfbc569c4da1ca40835a374224c1603ee8a,US,US,2022-04-26,APPROVED,2022-05-18,BR0002,2022-04-26 09:06:49,2022-04-26 14:42:55
CUST000478,Tiffany,Davis,1952-09-20,b2fd6b10e2c6a8df01e93499d963478706888548c0d77f6bdc19f75a01e24d27,US,US,2022-03-06,APPROVED,2022-04-01,BR0015,2022-03-06 13:55:56,2022-03-06 17:04:51
CUST000479,Brooke,Cruz,1962-12-18,0b33349d6ebbc10184f4ee284a74601d72142a9a87c75b34a1b5580b39d91f52,US,US,2022-09-27,APPROVED,2022-10-20,BR0012,2022-09-27 18:20:59,2022-09-27 18:39:30
CUST000480,Betty,Best,1986-11-06,256ab090e7c2b564ad07c1757612be61e73a8af4cd97a3509a9ddc5a2b98f082,US,US,2021-06-17,APPROVED,2021-07-25,BR0009,2021-06-17 15:45:23,2021-06-17 09:01:19
CUST000481,Joanne,Williams,1986-06-30,c702bc3a67793cb810c2c406444707bcb7a507d728ccbb64dbac08cdfb2e2134,US,US,2023-07-05,APPROVED,2023-08-01,BR0011,2023-07-05 18:34:59,2023-07-05 16:54:07
CUST000482,Regina,Armstrong,1962-10-30,0516f865d1a1d752b4c5aeff0a909d14386cd9190357f18a0d892c783ab27bff,US,US,2023-10-09,APPROVED,2023-11-27,BR0006,2023-10-09 13:47:20,2023-10-09 06:39:28
CUST000483,Jacob,Jacobs,1969-05-02,e8e770b0583f2e5b653eed09b08df3a38ca394bdcb11aad1d43d4b295f3a093a,US,US,2021-06-12,PENDING,,BR0010,2021-06-12 19:55:50,2021-06-12 17:57:00
CUST000484,Walter,Rosario,1966-09-10,46976d271ae181a63da3afec67fcc7b701646382af01f739737e595f070fa1aa,MX,US,2020-10-29,APPROVED,2020-12-04,BR0010,2020-10-29 17:31:46,2020-10-29 20:54:56
CUST000485,Shannon,Shepherd,1962-04-15,aa92d918cc839759e02321a092bc25a00f30b4f9ecb57d913fcbf4d35497d2c8,US,US,2022-02-05,APPROVED,2022-03-19,BR0007,2022-02-05 13:41:39,2022-02-05 22:08:05
CUST000486,Mary,Haas,1976-04-02,33d732354c1d04e33375933fa0be2403b5f3b7d7208dcda214e1bec468e5b5ab,BR,BR,2022-07-17,EXPIRED,2022-07-27,BR0015,2022-07-17 10:44:03,2022-07-17 14:20:04
CUST000487,Christopher,Lucas,1985-05-30,c268425021226482052e4a1ddab11e2586f9fc0c25bf91d391075b7a923be33f,US,US,2022-09-27,APPROVED,2022-10-10,BR0005,2022-09-27 22:27:12,2022-09-27 06:07:04
CUST000488,Benjamin,Zimmerman,1962-05-30,44966a3fd6f2dacf59ee8cef85e3cc4a23c9a75f2ada04035670da2556103b90,IN,US,2020-11-07,APPROVED,2020-12-10,BR0009,2020-11-07 12:13:48,2020-11-07 12:27:54
CUST000489,Vickie,Warren,1990-06-30,8b93b128d825b557a7c22cc62b033e1967da5aa952fb9eda49baa7f4f5db26de,US,US,2023-10-16,EXPIRED,2023-12-06,BR0020,2023-10-16 18:31:46,2023-10-16 08:44:13
CUST000490,Chelsea,Cox,1984-03-13,dc01a617715cb5ca9d738f0dad090d5b588bac038de71cbb40ed8e0967972cae,CA,CA,2020-01-19,APPROVED,2020-02-27,BR0001,2020-01-19 17:58:26,2020-01-19 14:36:45
CUST000491,Samantha,Hughes,1954-08-31,63c5a455467d9678de4cf5be4434a440b959f7f2e0279854ec54c33834212e19,US,US,2020-08-21,APPROVED,2020-09-14,BR0012,2020-08-21 07:52:41,2020-08-21 06:04:06
CUST000492,Kim,Shelton,1979-10-08,9c2d6c827fd170ecb0b45f588377b02417049144186a2a7a3fed30b873478de5,US,US,2021-08-21,APPROVED,2021-10-11,BR0018,2021-08-21 07:13:33,2021-08-21 22:36:40
CUST000493,Brian,Mccoy,1953-03-16,175ee2d521163e9c9b4e674099b85e62a634f7d8d2c567936757df9044173cde,CA,CA,2021-08-09,APPROVED,2021-08-28,BR0003,2021-08-09 17:25:24,2021-08-09 22:21:04
CUST000494,Matthew,Rivera,1969-02-28,0849db594851b4914229ac2ed03fbd25ac8efdd67f6f71490f674716a5e8e30d,US,US,2021-11-08,APPROVED,2021-11-15,BR0016,2021-11-08 15:29:20,2021-11-08 17:32:03
CUST000495,Angela,Hughes,1967-09-07,39e1669646f4bc5836e5a92574dcc21e08b4d699149b2758e04cd56927d57638,CA,CA,2020-03-28,EXPIRED,2020-05-27,BR0013,2020-03-28 15:28:07,2020-03-28 21:53:52
CUST000496,Johnathan,York,1990-06-11,c5663e4aa12b5c9d93f7ef45ea1261a4767b68a2a8cabaa7bc12409287f7ccd6,US,US,2023-01-30,APPROVED,2023-03-31,BR0015,2023-01-30 09:25:57,2023-01-30 22:44:35
CUST000497,Tamara,Morrison,1968-04-27,3c8ce4c0442375d94cdccd45165b3b50f3c298b4b5786ea7de673ddeceb088b9,US,US,2022-09-18,PENDING,,BR0013,2022-09-18 19:51:33,2022-09-18 19:07:05
CUST000498,Edward,Miller,1992-03-02,249ec4593e7f5916cc981758dc9831ae2eb4e851a29be23440029f876a4bc142,US,US,2022-03-01,APPROVED,2022-04-16,BR0006,2022-03-01 19:04:30,2022-03-01 07:46:20
CUST000499,Elizabeth,Rangel,1952-07-09,5830594d2b1141fbc85827abd779c10997b82ab63ecb4ba2d5531e77713ef560,US,US,2021-11-13,APPROVED,2021-11-30,BR0003,2021-11-13 17:27:20,2021-11-13 20:45:09
CUST000500,Kyle,Douglas,1998-12-07,474530b28069ac76b6cc6fa5a6bdcd84ead4c398b406669d9b91f7d99d54d4f4,GB,US,2022-01-27,APPROVED,2022-03-06,BR0006,2022-01-27 15:10:24,2022-01-27 18:42:09
